material,thermal_conductivity,density,specific_heat,wall_thickness,roof_thickness,length,width,height,orientation,insulation_thickness,window_to_wall_ratio,outdoor_temperature,humidity,solar_radiation,wind_speed,pressure,interior_temperature
polyurethane_sandwich,0.022,40.0,1400.0,0.156,0.317,5.2,3.98,2.62,266.6,0.109,0.26,-22.8,17.5,332.7,15.4,835.7,0.73
polyurethane_sandwich,0.022,40.0,1400.0,0.425,0.254,4.98,7.12,4.1,2.3,0.161,0.29,-1.2,22.4,1057.2,9.1,639.0,25.53
stabilized_earth_block,0.85,1800.0,880.0,0.279,0.19,5.38,3.3,3.36,44.9,0.184,0.08,-4.5,60.3,985.5,9.7,680.8,20.21
stabilized_earth_block,0.85,1800.0,880.0,0.123,0.153,5.6,3.56,2.89,36.4,0.056,0.27,0.5,39.6,309.5,7.4,993.4,17.78
polyurethane_sandwich,0.022,40.0,1400.0,0.136,0.283,7.81,4.71,3.37,97.2,0.185,0.29,-9.6,35.9,868.3,2.3,945.2,15.37
burnt_clay_brick,0.77,1900.0,840.0,0.301,0.101,11.22,6.97,3.91,76.5,0.1,0.36,20.0,21.4,239.6,18.9,826.4,22.19
polyurethane_sandwich,0.022,40.0,1400.0,0.392,0.367,6.59,4.54,4.49,183.4,0.018,0.07,-17.3,60.2,892.1,11.1,626.7,17.93
eps_insulated_concrete,0.038,1250.0,1100.0,0.398,0.23,5.26,6.87,4.38,244.9,0.023,0.36,27.6,71.5,440.2,8.0,666.4,31.01
stabilized_earth_block,0.85,1800.0,880.0,0.577,0.36,5.37,6.5,2.78,328.5,0.174,0.15,19.7,58.7,252.8,19.3,826.5,21.78
timber_frame,0.13,500.0,1600.0,0.559,0.272,7.4,3.78,3.16,354.7,0.161,0.13,-8.1,55.4,178.8,18.6,942.7,15.98
timber_frame,0.13,500.0,1600.0,0.483,0.121,7.28,6.85,2.96,314.1,0.085,0.12,12.8,68.4,301.2,8.5,1018.0,14.93
polyurethane_sandwich,0.022,40.0,1400.0,0.287,0.368,7.06,4.74,2.53,7.6,0.111,0.26,-24.5,66.6,158.9,2.6,613.2,-0.92
burnt_clay_brick,0.77,1900.0,840.0,0.135,0.156,9.02,4.5,2.68,336.8,0.114,0.22,29.9,74.6,290.4,3.3,781.0,19.43
eps_insulated_concrete,0.038,1250.0,1100.0,0.306,0.356,3.49,7.57,3.76,21.8,0.146,0.33,-17.4,25.3,636.3,4.4,677.1,7.66
eps_insulated_concrete,0.038,1250.0,1100.0,0.225,0.375,6.99,9.03,3.56,18.2,0.2,0.34,42.8,84.1,948.7,5.0,804.0,29.83
autoclaved_aerated_concrete,0.16,550.0,1000.0,0.532,0.369,4.48,3.02,3.22,333.5,0.157,0.15,23.8,68.4,883.4,16.9,804.4,26.52
autoclaved_aerated_concrete,0.16,550.0,1000.0,0.248,0.39,8.21,6.8,3.97,20.6,0.117,0.23,34.7,22.6,1060.8,2.9,678.0,24.42
timber_frame,0.13,500.0,1600.0,0.134,0.356,6.63,9.59,3.6,208.4,0.008,0.08,21.0,55.2,416.4,7.3,881.3,25.03
burnt_clay_brick,0.77,1900.0,840.0,0.219,0.207,9.05,5.1,3.06,270.7,0.015,0.21,44.9,89.7,173.3,6.1,711.4,39.13
burnt_clay_brick,0.77,1900.0,840.0,0.54,0.361,6.33,4.1,4.15,253.3,0.122,0.4,20.8,10.6,917.1,8.2,878.6,23.82
autoclaved_aerated_concrete,0.16,550.0,1000.0,0.232,0.365,9.68,4.09,2.99,75.8,0.069,0.29,34.7,50.4,351.1,22.8,621.3,25.53
polyurethane_sandwich,0.022,40.0,1400.0,0.312,0.169,3.03,8.4,3.74,94.3,0.148,0.24,4.9,10.8,175.2,22.2,979.7,28.81
timber_frame,0.13,500.0,1600.0,0.118,0.198,7.97,6.01,2.49,131.3,0.187,0.39,-22.2,38.6,782.1,17.0,748.5,6.55
timber_frame,0.13,500.0,1600.0,0.542,0.21,8.59,4.08,4.35,311.3,0.195,0.33,36.7,12.0,836.6,9.0,990.9,23.87
polyurethane_sandwich,0.022,40.0,1400.0,0.532,0.339,5.4,8.51,2.63,314.0,0.172,0.13,32.2,46.8,405.2,20.1,695.6,18.49
stabilized_earth_block,0.85,1800.0,880.0,0.43,0.208,5.51,3.49,4.02,126.4,0.102,0.29,34.1,36.5,127.6,22.0,709.7,23.95
timber_frame,0.13,500.0,1600.0,0.581,0.165,3.98,6.04,3.93,112.9,0.121,0.23,2.0,56.1,354.7,18.0,600.7,26.54
timber_frame,0.13,500.0,1600.0,0.443,0.381,9.63,4.38,3.31,341.6,0.184,0.27,21.4,20.0,1000.0,13.2,880.1,24.69
burnt_clay_brick,0.77,1900.0,840.0,0.301,0.175,4.15,5.94,4.37,243.8,0.181,0.27,-3.9,53.8,100.4,7.9,780.6,18.55
timber_frame,0.13,500.0,1600.0,0.403,0.183,6.98,7.73,3.47,285.7,0.192,0.31,21.1,32.7,763.9,15.9,639.2,23.87
autoclaved_aerated_concrete,0.16,550.0,1000.0,0.436,0.152,4.79,3.17,2.91,171.0,0.17,0.08,4.0,60.4,294.4,17.7,807.6,29.74
autoclaved_aerated_concrete,0.16,550.0,1000.0,0.174,0.3,11.03,9.02,4.26,280.2,0.044,0.33,23.7,47.2,657.4,23.0,651.0,27.21
autoclaved_aerated_concrete,0.16,550.0,1000.0,0.501,0.294,11.89,7.17,4.4,320.9,0.123,0.3,10.3,76.4,647.9,22.5,912.3,13.04
eps_insulated_concrete,0.038,1250.0,1100.0,0.325,0.321,10.56,4.94,4.03,174.5,0.048,0.2,24.9,28.8,435.8,22.4,633.8,28.86
autoclaved_aerated_concrete,0.16,550.0,1000.0,0.216,0.302,9.36,3.45,3.26,195.3,0.083,0.12,4.4,82.4,684.1,17.7,959.8,32.54
timber_frame,0.13,500.0,1600.0,0.29,0.082,6.17,8.27,4.19,343.2,0.084,0.31,13.2,58.3,320.5,6.3,783.1,15.08
stabilized_earth_block,0.85,1800.0,880.0,0.294,0.294,10.18,8.07,4.17,331.0,0.196,0.24,38.5,57.4,763.0,3.0,780.0,26.71
eps_insulated_concrete,0.038,1250.0,1100.0,0.191,0.163,5.95,6.18,3.11,316.7,0.056,0.38,4.5,76.8,570.3,19.0,621.9,27.36
burnt_clay_brick,0.77,1900.0,840.0,0.212,0.102,11.62,3.28,2.47,89.0,0.168,0.27,-8.3,47.9,214.4,23.7,795.3,13.08
burnt_clay_brick,0.77,1900.0,840.0,0.483,0.134,8.47,8.24,2.64,294.9,0.193,0.09,-23.2,35.0,777.3,24.0,766.6,2.13
polyurethane_sandwich,0.022,40.0,1400.0,0.199,0.269,10.48,4.7,3.86,108.6,0.137,0.33,30.7,55.3,141.1,13.8,877.8,18.21
stabilized_earth_block,0.85,1800.0,880.0,0.353,0.189,10.65,8.76,2.62,345.9,0.127,0.34,24.5,44.8,833.8,24.2,713.4,27.54
timber_frame,0.13,500.0,1600.0,0.487,0.229,10.43,7.15,3.08,88.4,0.187,0.15,6.6,70.0,669.8,17.0,741.3,9.27
eps_insulated_concrete,0.038,1250.0,1100.0,0.525,0.138,4.91,8.58,3.11,316.9,0.14,0.15,-24.3,85.8,185.6,18.3,805.2,1.66
autoclaved_aerated_concrete,0.16,550.0,1000.0,0.445,0.287,7.42,8.55,2.6,79.8,0.138,0.16,15.7,47.9,630.9,11.2,913.3,17.79
burnt_clay_brick,0.77,1900.0,840.0,0.276,0.225,5.76,4.61,3.91,113.6,0.149,0.38,23.3,25.3,838.6,7.6,847.6,27.01
timber_frame,0.13,500.0,1600.0,0.398,0.394,10.49,5.07,3.16,108.8,0.142,0.09,-21.8,14.4,392.1,23.7,867.9,2.0
eps_insulated_concrete,0.038,1250.0,1100.0,0.151,0.084,5.56,6.35,3.12,347.6,0.05,0.35,-17.0,15.2,591.7,14.8,888.3,6.26
autoclaved_aerated_concrete,0.16,550.0,1000.0,0.175,0.26,5.73,9.96,2.65,275.2,0.121,0.33,-9.2,51.8,550.5,11.6,961.3,12.66
eps_insulated_concrete,0.038,1250.0,1100.0,0.253,0.279,8.49,8.18,4.39,74.8,0.042,0.28,-14.0,23.9,175.1,1.1,789.2,8.55
timber_frame,0.13,500.0,1600.0,0.335,0.09,5.59,4.98,4.21,25.6,0.047,0.14,30.4,57.2,903.9,5.7,648.2,21.75
autoclaved_aerated_concrete,0.16,550.0,1000.0,0.424,0.371,10.44,3.5,2.75,110.7,0.15,0.25,-4.8,19.9,788.7,17.8,995.9,20.88
timber_frame,0.13,500.0,1600.0,0.37,0.22,8.38,9.23,3.94,217.3,0.005,0.13,22.2,78.8,687.1,1.5,921.2,26.84
burnt_clay_brick,0.77,1900.0,840.0,0.388,0.324,4.58,6.63,3.33,100.1,0.199,0.2,32.0,87.5,570.0,10.8,734.8,19.9
stabilized_earth_block,0.85,1800.0,880.0,0.529,0.186,9.24,5.02,4.38,292.9,0.11,0.21,-3.0,35.9,1070.2,10.7,816.1,21.88
stabilized_earth_block,0.85,1800.0,880.0,0.429,0.254,6.72,4.31,3.16,272.3,0.125,0.32,-10.8,53.9,1027.7,11.5,893.3,13.92
stabilized_earth_block,0.85,1800.0,880.0,0.114,0.282,10.19,7.97,3.05,4.9,0.082,0.13,33.9,19.1,1047.1,16.5,664.7,25.45
polyurethane_sandwich,0.022,40.0,1400.0,0.246,0.306,6.74,6.38,3.39,164.4,0.029,0.12,17.0,69.7,236.5,2.7,924.5,20.08
eps_insulated_concrete,0.038,1250.0,1100.0,0.27,0.332,5.4,3.02,3.92,301.5,0.116,0.28,35.6,45.7,584.3,9.0,920.4,24.1
eps_insulated_concrete,0.038,1250.0,1100.0,0.328,0.183,4.7,7.88,3.6,84.1,0.155,0.07,27.1,66.4,911.4,10.3,878.7,30.43
polyurethane_sandwich,0.022,40.0,1400.0,0.59,0.239,3.33,6.52,3.64,313.1,0.175,0.2,11.8,46.6,822.4,10.8,875.0,14.51
autoclaved_aerated_concrete,0.16,550.0,1000.0,0.137,0.33,5.39,7.36,3.23,28.9,0.066,0.29,12.4,86.3,726.8,22.3,804.9,15.16
timber_frame,0.13,500.0,1600.0,0.118,0.102,8.68,9.45,4.49,268.8,0.087,0.08,19.4,79.8,543.7,17.7,979.4,21.52
stabilized_earth_block,0.85,1800.0,880.0,0.262,0.098,6.23,6.01,2.91,148.3,0.136,0.11,-12.7,58.8,482.5,17.4,809.0,12.83
timber_frame,0.13,500.0,1600.0,0.172,0.228,5.29,4.79,2.42,289.7,0.18,0.29,-13.9,45.3,445.6,15.1,868.4,9.21
eps_insulated_concrete,0.038,1250.0,1100.0,0.445,0.226,5.72,10.0,4.19,38.4,0.076,0.18,-4.3,65.9,121.9,20.9,766.2,21.42
stabilized_earth_block,0.85,1800.0,880.0,0.383,0.299,9.7,3.34,3.67,178.8,0.181,0.15,30.9,58.6,452.3,16.3,860.8,21.82
polyurethane_sandwich,0.022,40.0,1400.0,0.478,0.326,9.13,3.96,2.6,225.9,0.008,0.33,-22.7,39.2,231.4,22.8,737.2,3.74
eps_insulated_concrete,0.038,1250.0,1100.0,0.188,0.122,7.85,9.8,3.51,328.9,0.166,0.14,32.7,48.5,906.5,18.9,742.3,21.02
stabilized_earth_block,0.85,1800.0,880.0,0.334,0.104,9.79,4.58,3.82,242.8,0.079,0.35,14.0,17.2,494.6,7.3,651.9,17.07
burnt_clay_brick,0.77,1900.0,840.0,0.436,0.295,8.26,8.76,4.37,39.0,0.047,0.06,36.9,54.9,1015.3,6.3,626.6,29.96
eps_insulated_concrete,0.038,1250.0,1100.0,0.555,0.177,6.67,3.98,4.39,109.6,0.099,0.08,37.1,20.9,553.6,17.1,912.1,26.42
timber_frame,0.13,500.0,1600.0,0.31,0.318,4.39,5.9,2.61,176.2,0.082,0.38,-22.7,39.6,543.4,23.8,959.3,5.82
stabilized_earth_block,0.85,1800.0,880.0,0.59,0.198,11.12,7.51,2.53,99.3,0.194,0.38,32.7,17.3,312.1,16.3,1007.9,20.64
stabilized_earth_block,0.85,1800.0,880.0,0.493,0.158,4.13,6.95,2.54,275.5,0.041,0.13,35.9,36.3,247.6,22.6,601.2,26.82
autoclaved_aerated_concrete,0.16,550.0,1000.0,0.594,0.253,10.19,3.77,4.22,47.4,0.072,0.33,16.2,11.3,365.4,4.0,776.8,18.95
stabilized_earth_block,0.85,1800.0,880.0,0.473,0.232,10.0,6.59,2.63,181.4,0.189,0.07,29.8,79.4,621.5,12.0,1004.9,21.84
stabilized_earth_block,0.85,1800.0,880.0,0.599,0.351,6.84,3.76,3.9,159.7,0.18,0.16,-14.6,20.1,724.3,15.0,899.1,17.75
eps_insulated_concrete,0.038,1250.0,1100.0,0.597,0.25,7.08,7.24,2.61,252.6,0.171,0.28,28.8,67.7,315.0,11.8,696.0,15.68
burnt_clay_brick,0.77,1900.0,840.0,0.514,0.208,9.57,5.19,3.06,91.8,0.191,0.29,8.2,17.3,185.4,11.4,912.7,9.62
burnt_clay_brick,0.77,1900.0,840.0,0.506,0.258,8.28,6.93,3.09,44.0,0.071,0.28,27.5,79.4,821.1,24.2,852.2,30.35
burnt_clay_brick,0.77,1900.0,840.0,0.152,0.242,4.39,6.38,4.18,126.0,0.111,0.09,-5.5,28.1,529.1,14.5,922.3,17.89
timber_frame,0.13,500.0,1600.0,0.407,0.286,3.24,9.5,4.14,96.3,0.036,0.3,-3.4,37.2,106.1,21.9,837.9,18.0
eps_insulated_concrete,0.038,1250.0,1100.0,0.135,0.317,11.75,3.64,3.51,135.4,0.091,0.11,-3.2,36.0,1041.4,15.3,971.0,27.53
autoclaved_aerated_concrete,0.16,550.0,1000.0,0.179,0.278,9.07,4.9,3.79,174.8,0.088,0.15,27.8,19.1,529.9,7.8,885.0,32.31
eps_insulated_concrete,0.038,1250.0,1100.0,0.363,0.179,4.98,9.89,2.52,73.6,0.189,0.32,28.5,33.2,220.0,12.9,780.9,14.62
autoclaved_aerated_concrete,0.16,550.0,1000.0,0.29,0.305,7.5,8.83,4.09,25.9,0.172,0.06,-23.7,83.7,962.1,14.8,840.8,0.8
polyurethane_sandwich,0.022,40.0,1400.0,0.42,0.173,6.65,9.76,2.76,341.1,0.092,0.29,0.3,44.9,205.9,11.5,768.2,24.77
stabilized_earth_block,0.85,1800.0,880.0,0.298,0.179,6.06,5.33,2.75,183.8,0.023,0.23,38.4,38.0,827.4,20.7,942.3,38.82
autoclaved_aerated_concrete,0.16,550.0,1000.0,0.151,0.162,4.56,4.07,3.99,27.1,0.19,0.27,7.5,55.1,679.5,17.3,970.5,10.48
polyurethane_sandwich,0.022,40.0,1400.0,0.418,0.28,10.78,7.39,2.72,24.6,0.088,0.16,-5.8,14.5,607.3,8.4,789.8,19.57
stabilized_earth_block,0.85,1800.0,880.0,0.284,0.172,8.8,9.84,2.59,213.9,0.077,0.25,41.8,69.1,141.0,22.8,840.1,33.36
autoclaved_aerated_concrete,0.16,550.0,1000.0,0.261,0.232,4.36,3.43,2.62,323.7,0.069,0.3,10.3,23.8,347.7,11.5,784.6,12.42
timber_frame,0.13,500.0,1600.0,0.405,0.196,11.26,5.71,4.03,244.4,0.01,0.27,-1.6,36.4,658.0,10.3,705.8,21.77
polyurethane_sandwich,0.022,40.0,1400.0,0.582,0.273,4.35,3.57,3.79,330.0,0.062,0.28,21.3,20.3,808.8,3.0,834.7,24.07
polyurethane_sandwich,0.022,40.0,1400.0,0.496,0.34,9.03,8.8,3.95,246.7,0.105,0.28,4.6,38.9,462.6,5.3,690.0,30.48
eps_insulated_concrete,0.038,1250.0,1100.0,0.196,0.4,4.39,5.07,4.06,182.8,0.108,0.31,11.9,63.0,976.4,15.8,850.8,19.65
autoclaved_aerated_concrete,0.16,550.0,1000.0,0.181,0.346,9.94,8.66,2.75,157.6,0.082,0.29,-8.4,45.5,384.9,19.0,788.5,15.65
timber_frame,0.13,500.0,1600.0,0.22,0.389,10.06,9.33,2.81,244.2,0.114,0.2,28.9,72.2,602.9,11.0,668.1,19.48
autoclaved_aerated_concrete,0.16,550.0,1000.0,0.501,0.124,5.25,7.49,4.24,199.6,0.021,0.35,34.6,32.8,863.1,7.5,980.2,32.3
autoclaved_aerated_concrete,0.16,550.0,1000.0,0.516,0.109,11.19,8.72,4.26,335.0,0.083,0.19,1.2,40.9,181.6,6.4,733.8,22.63
stabilized_earth_block,0.85,1800.0,880.0,0.52,0.288,10.12,3.96,3.0,298.7,0.139,0.1,24.4,45.9,105.3,2.9,707.5,26.34
autoclaved_aerated_concrete,0.16,550.0,1000.0,0.374,0.313,7.75,3.78,3.01,108.4,0.01,0.2,30.6,46.6,210.9,22.7,850.6,22.1
stabilized_earth_block,0.85,1800.0,880.0,0.416,0.264,9.47,5.04,2.4,127.0,0.114,0.12,21.8,51.9,460.6,23.9,828.5,24.95
timber_frame,0.13,500.0,1600.0,0.377,0.205,7.23,7.45,4.46,91.3,0.003,0.33,-0.9,68.6,728.3,19.5,908.8,20.03
burnt_clay_brick,0.77,1900.0,840.0,0.167,0.193,6.05,7.5,4.14,246.5,0.196,0.22,-12.2,20.8,816.0,23.6,615.5,13.9
autoclaved_aerated_concrete,0.16,550.0,1000.0,0.122,0.144,3.38,9.53,3.48,356.1,0.109,0.14,27.7,25.3,457.0,19.7,963.6,30.94
burnt_clay_brick,0.77,1900.0,840.0,0.237,0.336,6.93,5.8,3.32,344.3,0.068,0.12,23.4,39.4,897.3,7.4,634.7,26.42
eps_insulated_concrete,0.038,1250.0,1100.0,0.139,0.273,10.4,6.82,3.07,28.8,0.132,0.16,17.2,44.1,789.8,9.4,617.8,20.16
burnt_clay_brick,0.77,1900.0,840.0,0.407,0.219,8.76,8.54,2.52,241.6,0.081,0.23,27.5,22.8,131.1,21.4,884.8,29.82
eps_insulated_concrete,0.038,1250.0,1100.0,0.117,0.102,10.01,5.56,3.2,204.2,0.121,0.29,41.4,39.8,863.1,14.8,822.4,35.59
eps_insulated_concrete,0.038,1250.0,1100.0,0.257,0.169,11.64,3.18,2.79,186.4,0.183,0.09,29.2,66.3,314.6,15.7,891.5,17.97
eps_insulated_concrete,0.038,1250.0,1100.0,0.2,0.123,3.67,4.21,3.9,359.0,0.162,0.39,44.1,63.4,809.5,14.2,722.0,32.33
burnt_clay_brick,0.77,1900.0,840.0,0.526,0.308,11.35,7.46,4.07,183.2,0.024,0.12,-15.3,73.2,126.3,14.3,754.9,3.69
timber_frame,0.13,500.0,1600.0,0.165,0.363,3.59,5.79,3.91,172.3,0.082,0.19,15.2,20.0,417.0,2.8,795.6,19.39
timber_frame,0.13,500.0,1600.0,0.272,0.361,10.02,7.48,2.78,347.9,0.087,0.37,-21.1,19.9,253.0,5.0,735.5,0.32
polyurethane_sandwich,0.022,40.0,1400.0,0.213,0.383,7.67,4.99,2.57,70.7,0.191,0.15,18.8,59.2,193.4,16.4,848.6,20.99
timber_frame,0.13,500.0,1600.0,0.177,0.291,9.49,7.24,4.17,202.9,0.165,0.06,-21.8,61.3,676.8,16.6,922.1,6.81
eps_insulated_concrete,0.038,1250.0,1100.0,0.409,0.09,11.0,6.82,3.75,108.8,0.049,0.33,3.4,46.3,788.6,4.8,774.6,31.87
eps_insulated_concrete,0.038,1250.0,1100.0,0.202,0.274,5.81,8.03,3.94,309.9,0.195,0.1,0.9,54.9,419.1,12.2,712.3,25.63
autoclaved_aerated_concrete,0.16,550.0,1000.0,0.17,0.096,11.51,9.05,3.28,346.6,0.18,0.33,40.4,67.7,289.8,4.8,1018.3,28.19
eps_insulated_concrete,0.038,1250.0,1100.0,0.349,0.179,3.21,9.62,3.46,348.0,0.043,0.17,-21.5,49.6,982.3,16.7,797.6,4.58
timber_frame,0.13,500.0,1600.0,0.104,0.114,4.21,4.85,3.17,145.2,0.009,0.07,14.3,39.0,388.6,10.3,789.1,18.51
timber_frame,0.13,500.0,1600.0,0.24,0.397,9.12,3.83,4.45,141.8,0.159,0.17,40.7,70.4,299.1,13.2,810.0,29.39
stabilized_earth_block,0.85,1800.0,880.0,0.119,0.308,10.24,6.64,2.71,321.5,0.028,0.38,-2.7,41.4,716.5,21.2,849.4,11.93
timber_frame,0.13,500.0,1600.0,0.514,0.25,9.38,5.1,4.11,132.6,0.135,0.39,15.9,73.7,825.3,17.5,611.2,22.11
eps_insulated_concrete,0.038,1250.0,1100.0,0.233,0.29,11.75,7.05,2.88,18.5,0.096,0.23,25.5,72.0,480.2,20.7,701.7,27.64
timber_frame,0.13,500.0,1600.0,0.574,0.115,3.17,5.2,2.72,248.6,0.082,0.32,39.4,79.8,835.8,2.5,658.0,30.29
autoclaved_aerated_concrete,0.16,550.0,1000.0,0.38,0.399,7.31,5.64,4.41,165.5,0.107,0.24,22.3,79.4,780.7,20.3,711.0,28.57
eps_insulated_concrete,0.038,1250.0,1100.0,0.196,0.159,8.02,4.57,4.44,107.1,0.058,0.12,24.3,35.4,448.8,23.4,934.1,26.8
burnt_clay_brick,0.77,1900.0,840.0,0.244,0.264,7.89,9.27,3.23,124.2,0.155,0.1,-22.1,86.4,179.0,23.2,875.5,-0.22
polyurethane_sandwich,0.022,40.0,1400.0,0.34,0.145,7.85,9.53,3.86,49.4,0.123,0.26,-8.0,63.6,631.0,16.3,622.0,17.32
eps_insulated_concrete,0.038,1250.0,1100.0,0.265,0.231,9.13,3.96,4.43,352.0,0.032,0.28,36.6,48.1,750.5,19.1,720.6,26.39
burnt_clay_brick,0.77,1900.0,840.0,0.423,0.371,3.81,7.02,3.52,260.3,0.187,0.37,-12.7,80.6,275.8,23.1,1018.8,11.15
eps_insulated_concrete,0.038,1250.0,1100.0,0.494,0.14,9.74,9.11,3.01,13.5,0.06,0.26,40.0,36.8,554.3,16.4,820.2,28.49
autoclaved_aerated_concrete,0.16,550.0,1000.0,0.526,0.23,4.74,3.79,2.74,165.2,0.051,0.12,26.6,73.3,667.8,19.2,673.7,32.64
polyurethane_sandwich,0.022,40.0,1400.0,0.549,0.345,7.64,3.61,3.81,66.5,0.028,0.16,-7.6,30.9,335.5,19.1,1000.7,16.94
burnt_clay_brick,0.77,1900.0,840.0,0.391,0.263,5.35,5.52,2.9,240.4,0.093,0.11,23.0,83.8,987.8,19.5,889.9,27.44
polyurethane_sandwich,0.022,40.0,1400.0,0.558,0.174,8.53,4.53,2.68,55.1,0.15,0.26,4.1,53.9,570.8,13.9,878.9,30.1
autoclaved_aerated_concrete,0.16,550.0,1000.0,0.481,0.298,8.36,8.51,3.5,190.1,0.072,0.37,-17.1,76.3,1002.9,5.9,825.4,17.55
autoclaved_aerated_concrete,0.16,550.0,1000.0,0.264,0.247,4.05,4.44,3.62,32.7,0.102,0.33,6.7,51.1,556.8,2.4,794.2,9.44
burnt_clay_brick,0.77,1900.0,840.0,0.462,0.207,10.35,8.22,3.61,16.3,0.069,0.07,44.6,84.8,169.0,23.4,613.3,35.61
eps_insulated_concrete,0.038,1250.0,1100.0,0.19,0.123,8.77,8.11,4.42,134.8,0.178,0.21,39.2,40.2,180.2,24.1,967.3,26.08
autoclaved_aerated_concrete,0.16,550.0,1000.0,0.427,0.191,4.61,6.76,3.51,262.0,0.045,0.05,-23.4,33.9,773.5,14.1,823.4,-1.4
autoclaved_aerated_concrete,0.16,550.0,1000.0,0.224,0.191,5.48,9.56,3.92,40.6,0.162,0.2,28.6,80.7,115.6,5.9,642.4,16.15
stabilized_earth_block,0.85,1800.0,880.0,0.323,0.295,10.85,4.71,2.49,158.0,0.108,0.31,29.3,21.2,1093.5,6.6,984.9,27.97
timber_frame,0.13,500.0,1600.0,0.259,0.271,9.05,5.24,3.03,51.6,0.132,0.13,-4.0,14.9,1048.5,22.1,982.9,19.58
polyurethane_sandwich,0.022,40.0,1400.0,0.439,0.258,3.42,5.41,3.75,137.2,0.105,0.29,3.6,34.0,283.9,13.9,701.2,29.77
autoclaved_aerated_concrete,0.16,550.0,1000.0,0.25,0.306,10.25,9.4,3.58,348.4,0.111,0.1,-8.0,26.3,746.7,23.1,955.8,14.56
stabilized_earth_block,0.85,1800.0,880.0,0.368,0.345,3.46,5.64,3.67,14.2,0.015,0.33,16.1,63.7,317.0,6.0,981.0,18.59
burnt_clay_brick,0.77,1900.0,840.0,0.579,0.085,11.43,9.73,2.65,359.8,0.096,0.13,17.3,26.4,1015.1,14.2,925.7,20.48
eps_insulated_concrete,0.038,1250.0,1100.0,0.333,0.288,5.78,5.52,4.25,167.8,0.161,0.3,28.3,35.6,303.1,8.5,619.2,17.58
autoclaved_aerated_concrete,0.16,550.0,1000.0,0.471,0.085,7.98,7.09,3.91,106.3,0.039,0.13,14.9,29.7,650.6,23.6,741.8,17.6
eps_insulated_concrete,0.038,1250.0,1100.0,0.583,0.285,7.42,4.18,4.07,60.9,0.144,0.22,39.2,53.4,741.8,2.4,614.2,27.03
stabilized_earth_block,0.85,1800.0,880.0,0.573,0.294,9.88,5.89,4.17,83.3,0.141,0.05,10.4,39.9,717.8,17.0,858.9,13.25
eps_insulated_concrete,0.038,1250.0,1100.0,0.43,0.085,7.79,5.88,2.44,260.0,0.107,0.15,10.2,65.8,530.6,23.6,675.3,12.48
stabilized_earth_block,0.85,1800.0,880.0,0.362,0.157,8.58,4.77,3.14,286.2,0.016,0.39,7.1,29.5,797.2,8.2,947.8,10.8
stabilized_earth_block,0.85,1800.0,880.0,0.427,0.355,9.84,3.65,3.2,199.0,0.011,0.05,-13.0,50.0,533.9,19.8,837.7,6.45
stabilized_earth_block,0.85,1800.0,880.0,0.547,0.374,5.07,9.31,3.85,204.0,0.054,0.37,22.9,32.4,643.0,16.8,675.3,27.9
burnt_clay_brick,0.77,1900.0,840.0,0.108,0.146,4.3,8.74,4.12,334.4,0.06,0.25,14.7,78.0,777.0,14.0,761.2,17.84
polyurethane_sandwich,0.022,40.0,1400.0,0.17,0.396,9.52,6.51,4.45,19.3,0.087,0.34,-1.2,71.5,1054.9,10.5,924.9,23.8
stabilized_earth_block,0.85,1800.0,880.0,0.417,0.331,7.05,4.6,3.56,135.2,0.037,0.26,1.6,71.8,395.4,6.9,630.9,22.28
burnt_clay_brick,0.77,1900.0,840.0,0.177,0.308,8.71,8.18,3.07,38.4,0.001,0.16,0.2,31.6,232.5,5.5,788.5,8.23
timber_frame,0.13,500.0,1600.0,0.356,0.113,3.81,6.88,3.65,282.4,0.173,0.05,4.0,72.3,824.8,14.4,1016.9,28.23
autoclaved_aerated_concrete,0.16,550.0,1000.0,0.386,0.134,6.43,3.97,3.03,177.5,0.013,0.2,4.5,48.7,176.9,7.0,703.6,25.56
polyurethane_sandwich,0.022,40.0,1400.0,0.348,0.277,7.12,3.95,2.41,142.4,0.168,0.18,35.4,45.2,530.6,20.8,873.4,25.26
timber_frame,0.13,500.0,1600.0,0.168,0.183,11.53,4.41,3.06,347.2,0.194,0.15,23.6,49.3,675.9,6.8,757.9,26.66
eps_insulated_concrete,0.038,1250.0,1100.0,0.283,0.378,4.8,9.98,2.78,276.3,0.005,0.3,41.0,26.8,897.7,21.0,629.0,32.71
eps_insulated_concrete,0.038,1250.0,1100.0,0.436,0.125,5.73,4.77,2.72,152.3,0.075,0.21,16.9,56.6,634.4,23.2,965.2,21.91
eps_insulated_concrete,0.038,1250.0,1100.0,0.372,0.333,6.24,9.27,3.53,229.7,0.017,0.32,21.0,38.4,747.0,2.1,1013.1,25.5
polyurethane_sandwich,0.022,40.0,1400.0,0.423,0.389,5.98,8.57,2.62,35.5,0.044,0.31,14.1,65.0,321.0,10.0,794.5,16.11
polyurethane_sandwich,0.022,40.0,1400.0,0.394,0.24,6.1,3.17,2.62,149.8,0.192,0.09,40.8,21.3,411.9,11.9,686.9,29.06
eps_insulated_concrete,0.038,1250.0,1100.0,0.274,0.111,9.5,6.17,2.54,16.1,0.142,0.06,-1.0,18.7,900.1,23.3,911.0,24.94
timber_frame,0.13,500.0,1600.0,0.187,0.131,8.04,9.71,2.89,145.8,0.037,0.27,5.2,12.3,714.1,5.7,848.7,10.69
eps_insulated_concrete,0.038,1250.0,1100.0,0.102,0.149,5.51,7.93,4.07,207.8,0.16,0.24,0.6,25.8,214.0,17.1,805.6,25.18
polyurethane_sandwich,0.022,40.0,1400.0,0.257,0.204,6.53,3.8,3.14,164.8,0.035,0.29,31.0,83.5,690.2,17.1,731.5,25.78
autoclaved_aerated_concrete,0.16,550.0,1000.0,0.253,0.139,9.24,6.58,3.28,49.6,0.077,0.12,19.5,65.5,745.3,25.0,833.1,22.3
eps_insulated_concrete,0.038,1250.0,1100.0,0.244,0.14,10.58,7.34,4.22,342.7,0.097,0.12,1.9,54.9,753.1,10.8,806.5,27.55
polyurethane_sandwich,0.022,40.0,1400.0,0.52,0.236,3.74,3.22,4.0,105.2,0.055,0.24,-13.2,46.6,842.5,19.4,830.9,13.62
stabilized_earth_block,0.85,1800.0,880.0,0.386,0.166,7.89,9.94,3.54,272.4,0.152,0.2,-9.7,44.0,836.0,16.7,704.0,15.53
stabilized_earth_block,0.85,1800.0,880.0,0.325,0.192,10.35,6.07,4.49,279.2,0.047,0.33,16.2,38.1,810.8,16.2,669.7,19.39
autoclaved_aerated_concrete,0.16,550.0,1000.0,0.492,0.34,10.25,6.99,3.52,214.9,0.034,0.39,-4.5,55.8,1052.4,13.3,978.1,27.77
stabilized_earth_block,0.85,1800.0,880.0,0.168,0.32,6.7,3.42,2.98,236.1,0.14,0.1,-14.8,35.8,347.6,21.2,764.9,7.59
autoclaved_aerated_concrete,0.16,550.0,1000.0,0.389,0.166,6.73,6.16,3.73,316.8,0.019,0.23,-5.5,84.9,469.1,23.8,737.5,14.62
stabilized_earth_block,0.85,1800.0,880.0,0.534,0.351,3.84,9.81,3.73,251.0,0.17,0.33,2.8,87.5,924.8,12.9,735.6,30.06
burnt_clay_brick,0.77,1900.0,840.0,0.269,0.265,8.1,6.4,3.12,245.7,0.01,0.08,29.9,46.8,224.2,21.6,785.3,25.6
stabilized_earth_block,0.85,1800.0,880.0,0.596,0.217,11.96,9.37,4.25,108.7,0.175,0.36,-18.5,38.8,182.4,16.9,872.5,6.08
stabilized_earth_block,0.85,1800.0,880.0,0.298,0.178,9.29,4.64,3.78,253.3,0.0,0.22,-15.7,28.1,780.0,1.2,892.2,-4.18
stabilized_earth_block,0.85,1800.0,880.0,0.594,0.215,4.19,3.5,3.2,263.1,0.02,0.16,36.7,21.0,873.5,19.1,655.9,30.57
polyurethane_sandwich,0.022,40.0,1400.0,0.171,0.25,3.08,7.55,3.32,260.1,0.126,0.1,3.8,64.9,960.0,3.1,642.2,28.28
stabilized_earth_block,0.85,1800.0,880.0,0.395,0.203,11.67,5.2,2.69,99.7,0.017,0.24,17.0,58.6,879.0,17.6,956.1,19.81
polyurethane_sandwich,0.022,40.0,1400.0,0.538,0.146,8.46,4.32,3.22,232.6,0.157,0.33,-8.2,40.9,341.1,16.3,629.8,19.14
stabilized_earth_block,0.85,1800.0,880.0,0.593,0.379,4.19,9.03,3.59,131.5,0.137,0.32,41.8,71.6,116.7,2.6,710.1,30.64
stabilized_earth_block,0.85,1800.0,880.0,0.561,0.384,6.58,5.01,3.9,276.2,0.085,0.19,19.8,53.0,252.7,3.0,633.2,21.58
autoclaved_aerated_concrete,0.16,550.0,1000.0,0.587,0.13,5.94,7.11,4.0,233.9,0.129,0.16,5.6,86.3,338.6,6.9,988.3,8.75
stabilized_earth_block,0.85,1800.0,880.0,0.327,0.275,5.78,8.19,3.96,43.0,0.142,0.3,-13.5,86.2,623.0,19.8,902.7,9.73
autoclaved_aerated_concrete,0.16,550.0,1000.0,0.286,0.32,10.86,8.13,2.65,324.0,0.067,0.2,11.7,31.0,1075.1,16.1,808.4,14.53
timber_frame,0.13,500.0,1600.0,0.28,0.24,8.1,5.57,2.94,37.0,0.115,0.3,-9.0,50.7,144.0,21.7,702.7,12.7
eps_insulated_concrete,0.038,1250.0,1100.0,0.282,0.374,4.61,9.72,2.47,289.1,0.143,0.28,-9.3,29.9,1015.9,8.7,946.9,17.33
timber_frame,0.13,500.0,1600.0,0.286,0.241,11.12,4.26,4.09,353.3,0.191,0.07,7.6,32.6,944.8,8.9,832.3,10.12
stabilized_earth_block,0.85,1800.0,880.0,0.284,0.173,10.06,8.18,2.91,132.6,0.194,0.4,29.3,68.6,646.6,20.1,663.2,20.45
eps_insulated_concrete,0.038,1250.0,1100.0,0.112,0.253,8.72,7.85,2.42,120.6,0.152,0.18,26.7,34.6,305.2,24.6,776.3,29.77
stabilized_earth_block,0.85,1800.0,880.0,0.586,0.126,5.52,3.31,2.89,304.4,0.083,0.36,7.1,69.8,680.8,13.1,867.6,10.34
eps_insulated_concrete,0.038,1250.0,1100.0,0.137,0.262,6.91,9.75,2.9,94.0,0.063,0.33,24.1,68.8,418.1,7.5,631.4,27.01
autoclaved_aerated_concrete,0.16,550.0,1000.0,0.168,0.326,3.98,3.74,3.34,113.1,0.024,0.18,28.9,46.2,563.3,21.5,638.0,22.1
polyurethane_sandwich,0.022,40.0,1400.0,0.252,0.306,8.43,4.51,4.2,53.4,0.142,0.39,2.7,13.9,398.8,20.7,673.0,26.73
eps_insulated_concrete,0.038,1250.0,1100.0,0.527,0.258,7.95,3.66,2.61,285.8,0.024,0.07,29.7,27.8,298.1,10.6,888.2,18.8
polyurethane_sandwich,0.022,40.0,1400.0,0.142,0.268,11.26,3.52,4.49,71.2,0.129,0.33,-18.6,77.8,908.9,3.9,995.8,6.56
stabilized_earth_block,0.85,1800.0,880.0,0.184,0.264,10.4,5.76,2.46,246.0,0.035,0.13,-11.9,32.4,983.4,1.8,860.1,7.51
autoclaved_aerated_concrete,0.16,550.0,1000.0,0.424,0.24,10.95,6.35,2.58,137.9,0.084,0.27,30.8,29.9,1094.1,14.0,608.2,28.39
eps_insulated_concrete,0.038,1250.0,1100.0,0.491,0.195,7.9,6.39,4.32,180.9,0.078,0.11,-2.7,27.5,995.8,19.7,624.6,35.34
eps_insulated_concrete,0.038,1250.0,1100.0,0.365,0.325,12.0,9.82,2.61,236.5,0.053,0.34,39.2,14.5,1096.4,6.3,955.5,33.5
eps_insulated_concrete,0.038,1250.0,1100.0,0.277,0.349,10.61,4.23,3.64,290.2,0.14,0.37,-23.0,66.0,1047.6,14.5,836.5,4.13
autoclaved_aerated_concrete,0.16,550.0,1000.0,0.518,0.339,11.73,6.79,2.77,13.7,0.011,0.26,-23.6,48.2,431.7,15.7,938.7,-2.46
burnt_clay_brick,0.77,1900.0,840.0,0.458,0.374,10.6,5.27,2.45,211.2,0.183,0.32,34.3,78.9,1060.6,10.0,995.6,29.57
eps_insulated_concrete,0.038,1250.0,1100.0,0.393,0.188,5.9,9.83,3.94,157.3,0.128,0.22,-2.8,66.6,662.0,22.4,857.8,30.3
burnt_clay_brick,0.77,1900.0,840.0,0.212,0.268,4.58,5.15,3.85,45.8,0.146,0.38,41.4,41.3,1094.3,24.2,613.6,31.14
timber_frame,0.13,500.0,1600.0,0.259,0.339,8.5,7.48,2.62,178.6,0.066,0.08,-0.7,35.6,736.2,24.1,945.1,28.25
polyurethane_sandwich,0.022,40.0,1400.0,0.42,0.364,7.02,4.86,2.92,24.4,0.051,0.09,-24.9,40.9,832.6,24.3,971.5,0.69
eps_insulated_concrete,0.038,1250.0,1100.0,0.541,0.192,6.38,8.8,4.06,208.1,0.152,0.13,6.6,73.9,133.4,1.5,709.7,9.26
stabilized_earth_block,0.85,1800.0,880.0,0.137,0.134,6.38,8.12,3.55,323.3,0.019,0.26,18.0,48.6,131.0,23.6,669.3,21.07
eps_insulated_concrete,0.038,1250.0,1100.0,0.179,0.112,4.85,4.33,3.86,259.9,0.146,0.14,-5.3,29.0,149.6,14.7,952.7,17.14
autoclaved_aerated_concrete,0.16,550.0,1000.0,0.127,0.081,3.79,8.77,3.71,172.9,0.019,0.12,19.7,88.2,573.6,3.8,929.6,24.99
eps_insulated_concrete,0.038,1250.0,1100.0,0.345,0.292,3.82,6.81,2.79,318.8,0.074,0.21,-6.6,47.2,326.2,7.4,625.9,17.65
polyurethane_sandwich,0.022,40.0,1400.0,0.434,0.107,6.09,6.79,4.44,212.3,0.111,0.34,32.3,43.5,635.5,21.8,799.4,23.97
autoclaved_aerated_concrete,0.16,550.0,1000.0,0.338,0.105,11.12,8.0,3.45,324.2,0.16,0.29,18.4,19.6,857.2,5.1,1013.4,21.82
autoclaved_aerated_concrete,0.16,550.0,1000.0,0.504,0.12,6.81,9.92,3.31,359.0,0.125,0.34,-6.9,82.9,1014.2,2.6,763.0,18.08
eps_insulated_concrete,0.038,1250.0,1100.0,0.376,0.354,7.68,9.42,2.43,252.1,0.118,0.32,-17.1,22.0,666.6,15.0,1005.2,9.82
stabilized_earth_block,0.85,1800.0,880.0,0.562,0.26,3.91,5.0,3.52,123.8,0.082,0.18,9.0,58.7,137.5,7.6,660.4,11.13
timber_frame,0.13,500.0,1600.0,0.44,0.209,6.56,9.15,3.85,17.7,0.095,0.14,1.1,37.0,893.7,8.5,954.0,25.68
polyurethane_sandwich,0.022,40.0,1400.0,0.442,0.391,5.05,5.1,3.96,278.7,0.064,0.31,17.3,17.1,541.7,22.9,771.0,19.63
eps_insulated_concrete,0.038,1250.0,1100.0,0.48,0.358,10.39,6.61,2.73,112.0,0.101,0.1,34.6,80.3,128.9,5.6,949.8,22.3
stabilized_earth_block,0.85,1800.0,880.0,0.225,0.226,11.26,7.93,2.98,296.5,0.101,0.27,-16.3,12.4,472.5,15.3,674.6,4.38
eps_insulated_concrete,0.038,1250.0,1100.0,0.393,0.192,4.47,9.26,3.97,248.0,0.057,0.19,-13.6,55.8,1064.9,21.6,871.9,15.75
polyurethane_sandwich,0.022,40.0,1400.0,0.203,0.289,7.62,9.05,4.43,245.6,0.095,0.1,-12.9,74.1,323.8,15.6,996.1,12.42
polyurethane_sandwich,0.022,40.0,1400.0,0.584,0.286,6.81,5.64,3.13,90.7,0.093,0.29,32.7,41.8,202.3,13.3,878.2,20.32
burnt_clay_brick,0.77,1900.0,840.0,0.381,0.27,5.54,7.79,3.41,121.1,0.055,0.16,-5.6,62.5,1052.2,16.6,679.1,18.62
timber_frame,0.13,500.0,1600.0,0.483,0.368,10.25,8.62,3.66,237.8,0.136,0.3,20.9,89.8,359.4,11.0,763.1,24.08
stabilized_earth_block,0.85,1800.0,880.0,0.392,0.398,10.34,5.4,3.9,247.1,0.128,0.22,40.8,38.7,400.2,5.1,876.2,30.28
timber_frame,0.13,500.0,1600.0,0.191,0.111,4.15,4.81,4.1,274.7,0.037,0.29,-1.5,17.1,455.3,18.9,729.0,17.77
burnt_clay_brick,0.77,1900.0,840.0,0.286,0.267,7.17,3.82,2.51,228.4,0.116,0.27,8.1,25.6,219.8,17.3,822.5,10.61
eps_insulated_concrete,0.038,1250.0,1100.0,0.127,0.353,4.24,4.4,3.26,205.0,0.181,0.21,-2.9,67.3,878.9,12.7,865.0,30.09
autoclaved_aerated_concrete,0.16,550.0,1000.0,0.257,0.099,7.07,4.47,4.02,207.5,0.032,0.32,29.6,20.4,533.7,11.3,780.2,25.0
eps_insulated_concrete,0.038,1250.0,1100.0,0.292,0.092,4.79,5.61,2.43,116.0,0.167,0.12,22.4,60.1,348.8,17.6,744.6,25.56
autoclaved_aerated_concrete,0.16,550.0,1000.0,0.151,0.241,5.76,3.46,2.5,341.4,0.091,0.23,11.7,44.7,786.8,4.2,1018.4,14.1
eps_insulated_concrete,0.038,1250.0,1100.0,0.28,0.14,11.53,9.43,3.25,82.2,0.145,0.1,26.4,57.2,269.0,9.8,873.2,28.55
stabilized_earth_block,0.85,1800.0,880.0,0.288,0.285,9.94,7.36,3.65,17.3,0.022,0.34,-21.6,19.3,544.3,4.0,706.2,-6.95
polyurethane_sandwich,0.022,40.0,1400.0,0.177,0.302,8.67,5.11,3.79,238.5,0.054,0.26,-15.4,76.5,204.9,18.3,649.4,8.07
stabilized_earth_block,0.85,1800.0,880.0,0.492,0.239,8.48,8.45,4.15,350.3,0.072,0.19,-13.8,53.9,1010.4,17.5,801.9,9.34
autoclaved_aerated_concrete,0.16,550.0,1000.0,0.101,0.295,11.16,8.85,3.8,53.7,0.018,0.23,25.6,18.1,355.9,6.5,1015.2,28.16
burnt_clay_brick,0.77,1900.0,840.0,0.232,0.096,10.32,9.12,4.19,129.7,0.135,0.2,-16.9,78.1,990.3,1.2,658.1,11.59
polyurethane_sandwich,0.022,40.0,1400.0,0.185,0.194,6.94,7.35,4.24,33.5,0.163,0.11,3.1,87.0,371.8,10.3,957.3,27.36
eps_insulated_concrete,0.038,1250.0,1100.0,0.424,0.335,4.02,7.87,2.52,339.3,0.032,0.2,16.4,74.2,778.4,5.4,759.5,20.11
burnt_clay_brick,0.77,1900.0,840.0,0.406,0.356,10.92,8.09,4.27,173.9,0.098,0.36,5.8,15.1,755.0,1.3,964.7,12.64
timber_frame,0.13,500.0,1600.0,0.484,0.265,8.09,9.85,3.81,121.8,0.105,0.3,-18.3,62.9,348.6,9.3,884.0,6.06
eps_insulated_concrete,0.038,1250.0,1100.0,0.174,0.344,11.03,7.29,2.42,336.4,0.101,0.21,9.7,23.2,851.4,8.7,739.0,12.45
burnt_clay_brick,0.77,1900.0,840.0,0.125,0.151,8.79,5.82,2.89,165.3,0.16,0.21,35.0,45.8,218.7,12.9,874.4,25.02
stabilized_earth_block,0.85,1800.0,880.0,0.302,0.091,7.94,8.78,4.06,346.7,0.128,0.36,14.4,62.4,556.2,9.2,946.6,16.77
autoclaved_aerated_concrete,0.16,550.0,1000.0,0.522,0.186,9.91,7.2,3.9,130.8,0.091,0.08,21.1,10.2,455.1,16.2,936.0,24.82
timber_frame,0.13,500.0,1600.0,0.361,0.305,3.41,4.15,2.69,258.1,0.144,0.09,17.8,25.0,1030.2,10.4,792.0,21.22
autoclaved_aerated_concrete,0.16,550.0,1000.0,0.458,0.114,6.73,9.49,4.16,212.0,0.154,0.21,21.1,86.5,234.6,13.0,822.8,23.83
stabilized_earth_block,0.85,1800.0,880.0,0.377,0.218,8.27,9.47,4.04,327.7,0.138,0.11,32.1,18.3,757.5,15.5,735.2,21.46
eps_insulated_concrete,0.038,1250.0,1100.0,0.309,0.275,9.23,4.74,3.24,123.4,0.059,0.33,-15.3,58.2,986.4,13.3,954.1,14.58
timber_frame,0.13,500.0,1600.0,0.53,0.308,11.42,7.43,2.82,224.7,0.058,0.17,22.1,88.5,750.1,24.0,811.6,26.58
polyurethane_sandwich,0.022,40.0,1400.0,0.418,0.307,9.85,6.94,3.62,339.4,0.142,0.29,37.6,52.7,977.5,11.1,605.4,25.66
stabilized_earth_block,0.85,1800.0,880.0,0.113,0.127,9.03,4.4,3.98,57.9,0.057,0.14,33.8,65.2,395.1,19.1,613.6,25.27
eps_insulated_concrete,0.038,1250.0,1100.0,0.151,0.358,9.66,9.05,3.96,202.1,0.048,0.32,30.9,33.0,764.5,23.2,762.8,27.26
polyurethane_sandwich,0.022,40.0,1400.0,0.256,0.257,3.12,4.76,3.7,281.1,0.174,0.34,38.8,66.4,747.6,19.1,829.6,25.69
timber_frame,0.13,500.0,1600.0,0.198,0.312,4.74,6.14,4.47,26.8,0.192,0.31,-16.6,13.3,379.1,7.3,667.6,6.15
burnt_clay_brick,0.77,1900.0,840.0,0.103,0.229,11.44,3.28,4.35,214.9,0.155,0.27,34.0,34.1,889.9,14.2,630.6,28.46
polyurethane_sandwich,0.022,40.0,1400.0,0.259,0.15,4.65,3.48,3.46,149.7,0.107,0.08,-9.5,27.1,431.9,9.7,691.7,18.92
timber_frame,0.13,500.0,1600.0,0.365,0.399,10.41,9.87,2.42,240.8,0.089,0.37,18.0,59.7,1058.9,17.4,734.8,22.49
stabilized_earth_block,0.85,1800.0,880.0,0.293,0.253,5.55,9.38,4.13,135.0,0.161,0.21,-21.9,81.9,292.5,13.3,998.2,2.92
autoclaved_aerated_concrete,0.16,550.0,1000.0,0.586,0.327,7.8,7.39,2.84,226.6,0.043,0.29,33.5,26.4,928.7,22.1,911.4,28.7
eps_insulated_concrete,0.038,1250.0,1100.0,0.423,0.381,9.72,4.08,3.36,119.4,0.018,0.07,30.6,54.6,675.0,6.5,708.6,21.62
eps_insulated_concrete,0.038,1250.0,1100.0,0.326,0.209,5.85,5.73,2.65,2.1,0.144,0.07,27.2,13.6,948.3,9.6,811.2,30.37
burnt_clay_brick,0.77,1900.0,840.0,0.493,0.176,3.78,8.36,3.32,142.2,0.132,0.22,12.3,20.9,491.0,20.1,829.2,16.53
polyurethane_sandwich,0.022,40.0,1400.0,0.172,0.297,11.23,8.57,3.93,134.3,0.19,0.24,13.9,19.9,105.0,15.3,825.6,16.07
stabilized_earth_block,0.85,1800.0,880.0,0.252,0.319,11.13,5.41,3.27,232.5,0.103,0.11,-9.5,76.8,294.3,5.4,935.9,12.43
stabilized_earth_block,0.85,1800.0,880.0,0.526,0.378,11.95,6.23,3.55,104.6,0.013,0.08,25.8,49.0,430.9,4.1,875.3,28.21
stabilized_earth_block,0.85,1800.0,880.0,0.243,0.102,4.74,6.4,3.09,237.4,0.139,0.1,14.7,74.6,1058.7,5.0,731.6,19.74
autoclaved_aerated_concrete,0.16,550.0,1000.0,0.456,0.285,5.49,5.52,3.83,119.4,0.096,0.21,29.2,49.0,208.8,16.5,634.4,18.72
burnt_clay_brick,0.77,1900.0,840.0,0.529,0.125,7.85,4.84,4.26,27.5,0.015,0.06,10.5,12.5,681.9,10.7,847.8,13.84
stabilized_earth_block,0.85,1800.0,880.0,0.376,0.254,11.99,6.3,4.03,131.7,0.045,0.32,26.3,33.3,564.7,13.2,766.6,29.98
timber_frame,0.13,500.0,1600.0,0.105,0.156,11.68,9.87,3.84,272.6,0.028,0.11,14.6,55.3,972.2,4.5,907.4,18.48
burnt_clay_brick,0.77,1900.0,840.0,0.12,0.324,5.09,4.85,2.89,240.7,0.104,0.33,2.2,83.4,981.6,2.0,872.4,26.98
stabilized_earth_block,0.85,1800.0,880.0,0.452,0.247,10.47,8.84,2.95,196.0,0.035,0.28,0.6,62.3,935.5,13.4,758.1,29.51
autoclaved_aerated_concrete,0.16,550.0,1000.0,0.358,0.193,10.81,6.41,3.41,217.5,0.1,0.1,-13.4,16.2,743.5,6.1,678.5,15.19
burnt_clay_brick,0.77,1900.0,840.0,0.401,0.341,8.95,5.9,3.09,40.8,0.135,0.22,16.4,61.8,510.9,6.8,653.7,19.08
timber_frame,0.13,500.0,1600.0,0.181,0.281,3.35,7.01,2.52,93.0,0.036,0.39,17.0,55.1,118.6,18.3,877.9,18.89
burnt_clay_brick,0.77,1900.0,840.0,0.574,0.149,8.46,6.3,3.41,79.0,0.082,0.1,15.8,71.4,723.2,13.3,670.4,18.48
polyurethane_sandwich,0.022,40.0,1400.0,0.271,0.225,8.32,4.61,3.21,39.1,0.04,0.35,10.3,43.6,249.6,3.3,799.9,12.4
timber_frame,0.13,500.0,1600.0,0.4,0.361,7.78,8.27,2.6,237.4,0.18,0.24,-24.9,85.0,778.6,11.4,776.7,3.32
stabilized_earth_block,0.85,1800.0,880.0,0.449,0.217,11.45,6.37,4.01,126.2,0.161,0.37,33.6,56.1,525.5,7.1,921.7,24.38
stabilized_earth_block,0.85,1800.0,880.0,0.242,0.361,6.68,4.32,3.89,284.2,0.116,0.09,-24.5,62.4,787.8,8.6,752.2,-2.32
autoclaved_aerated_concrete,0.16,550.0,1000.0,0.313,0.267,5.35,6.75,3.59,220.3,0.198,0.19,-10.7,54.2,657.6,5.3,834.8,17.77
eps_insulated_concrete,0.038,1250.0,1100.0,0.227,0.178,6.1,7.94,3.95,307.8,0.132,0.31,6.3,65.9,261.8,6.1,768.2,8.96
burnt_clay_brick,0.77,1900.0,840.0,0.5,0.276,9.16,3.36,3.22,228.9,0.161,0.34,8.0,58.0,188.1,7.3,755.8,10.85
timber_frame,0.13,500.0,1600.0,0.119,0.203,11.86,7.3,3.49,256.2,0.119,0.38,32.4,61.2,539.0,5.8,875.9,22.37
timber_frame,0.13,500.0,1600.0,0.243,0.091,8.4,6.61,2.89,61.0,0.007,0.13,-25.0,22.6,1096.8,19.7,748.3,-5.19
eps_insulated_concrete,0.038,1250.0,1100.0,0.303,0.144,3.14,7.93,4.33,197.9,0.145,0.25,15.8,37.8,915.5,6.4,1004.5,22.37
eps_insulated_concrete,0.038,1250.0,1100.0,0.565,0.264,5.35,5.85,2.62,26.1,0.059,0.38,31.2,86.5,976.1,20.5,841.5,20.63
polyurethane_sandwich,0.022,40.0,1400.0,0.321,0.201,7.35,4.7,3.11,279.2,0.136,0.36,35.3,48.6,357.8,10.2,931.2,22.85
autoclaved_aerated_concrete,0.16,550.0,1000.0,0.438,0.154,5.84,9.69,3.48,3.5,0.166,0.14,-18.5,63.9,921.1,2.8,991.2,6.43
eps_insulated_concrete,0.038,1250.0,1100.0,0.257,0.15,8.16,4.28,3.97,334.9,0.038,0.31,-8.6,29.4,365.4,6.5,950.7,15.2
timber_frame,0.13,500.0,1600.0,0.278,0.329,4.08,3.55,4.41,177.4,0.001,0.35,42.1,77.8,471.2,8.6,977.2,38.2
timber_frame,0.13,500.0,1600.0,0.534,0.237,11.86,9.41,2.99,80.0,0.115,0.07,30.9,48.3,640.8,13.1,765.4,20.16
polyurethane_sandwich,0.022,40.0,1400.0,0.488,0.226,4.08,6.63,3.06,3.0,0.135,0.18,-17.9,38.9,961.8,5.5,710.4,8.37
burnt_clay_brick,0.77,1900.0,840.0,0.336,0.276,6.29,6.49,2.84,252.3,0.074,0.35,-5.4,24.4,231.1,14.8,696.0,14.69
stabilized_earth_block,0.85,1800.0,880.0,0.46,0.337,8.0,8.99,2.81,288.0,0.148,0.22,-24.3,43.7,234.5,22.4,864.9,-1.49
timber_frame,0.13,500.0,1600.0,0.46,0.331,5.7,6.93,3.59,143.4,0.138,0.07,32.0,48.1,729.9,11.8,740.6,24.09
burnt_clay_brick,0.77,1900.0,840.0,0.28,0.258,10.29,5.41,3.26,126.4,0.136,0.26,15.4,62.0,638.4,24.5,719.5,19.98
burnt_clay_brick,0.77,1900.0,840.0,0.437,0.236,9.63,9.23,3.2,103.1,0.126,0.1,-13.3,74.6,437.4,16.2,840.1,9.91
stabilized_earth_block,0.85,1800.0,880.0,0.14,0.19,5.82,7.57,3.89,217.9,0.079,0.36,29.7,85.1,847.9,13.5,789.1,26.53
autoclaved_aerated_concrete,0.16,550.0,1000.0,0.192,0.087,9.55,7.63,4.37,252.3,0.016,0.11,-17.8,15.1,978.7,14.2,611.1,1.76
eps_insulated_concrete,0.038,1250.0,1100.0,0.362,0.399,3.94,7.33,2.58,335.4,0.078,0.13,26.6,45.5,226.4,13.6,671.7,28.85
stabilized_earth_block,0.85,1800.0,880.0,0.432,0.355,5.93,6.33,4.45,194.6,0.054,0.21,42.9,65.8,277.0,15.3,865.0,36.5
polyurethane_sandwich,0.022,40.0,1400.0,0.539,0.219,8.76,6.74,4.31,173.4,0.045,0.08,-3.4,43.0,255.7,1.3,819.8,23.63
autoclaved_aerated_concrete,0.16,550.0,1000.0,0.272,0.23,3.07,9.45,4.39,171.7,0.002,0.2,-4.5,28.5,107.2,10.0,772.9,12.76
timber_frame,0.13,500.0,1600.0,0.319,0.16,9.43,7.52,4.14,79.4,0.016,0.27,11.2,74.0,713.2,17.7,714.2,13.96
polyurethane_sandwich,0.022,40.0,1400.0,0.471,0.339,6.72,8.97,2.78,104.3,0.127,0.27,-6.0,59.8,287.8,1.5,620.8,18.95
timber_frame,0.13,500.0,1600.0,0.111,0.391,5.54,3.88,3.32,3.0,0.018,0.06,-9.8,43.6,885.7,13.0,756.0,6.78
polyurethane_sandwich,0.022,40.0,1400.0,0.496,0.186,10.59,9.66,2.52,279.2,0.014,0.21,-11.5,77.3,917.3,20.9,651.2,14.45
polyurethane_sandwich,0.022,40.0,1400.0,0.224,0.327,6.99,8.16,2.47,165.9,0.154,0.23,43.7,47.8,781.4,8.5,735.7,37.75
polyurethane_sandwich,0.022,40.0,1400.0,0.464,0.318,7.95,3.85,3.41,107.6,0.072,0.07,21.7,87.9,336.0,11.4,606.3,23.82
burnt_clay_brick,0.77,1900.0,840.0,0.392,0.207,5.19,9.78,3.62,248.7,0.138,0.1,29.0,29.9,599.9,17.5,742.1,18.42
polyurethane_sandwich,0.022,40.0,1400.0,0.13,0.194,4.39,6.75,2.63,175.6,0.063,0.25,20.1,37.8,991.8,18.6,609.0,28.13
eps_insulated_concrete,0.038,1250.0,1100.0,0.279,0.123,11.09,6.4,3.32,106.1,0.139,0.12,-11.9,37.8,832.4,7.6,949.2,15.13
timber_frame,0.13,500.0,1600.0,0.18,0.25,7.04,8.74,3.54,163.5,0.155,0.23,26.4,80.6,719.7,9.7,860.5,32.5
burnt_clay_brick,0.77,1900.0,840.0,0.461,0.291,7.85,5.71,3.5,179.1,0.11,0.26,-2.4,61.3,210.5,13.6,628.0,22.0
autoclaved_aerated_concrete,0.16,550.0,1000.0,0.189,0.09,3.96,4.34,2.47,231.0,0.078,0.22,18.7,57.2,149.1,6.3,901.5,21.22
stabilized_earth_block,0.85,1800.0,880.0,0.565,0.147,7.42,9.23,2.57,288.4,0.012,0.25,40.7,43.3,469.1,18.0,945.9,34.62
burnt_clay_brick,0.77,1900.0,840.0,0.365,0.315,10.51,3.55,2.85,187.0,0.02,0.13,2.0,25.4,756.9,14.7,998.0,25.75
timber_frame,0.13,500.0,1600.0,0.475,0.213,3.95,7.47,3.15,165.1,0.133,0.36,-13.3,24.4,501.6,9.1,666.4,16.02
timber_frame,0.13,500.0,1600.0,0.322,0.193,5.84,9.94,3.08,133.8,0.153,0.2,25.8,58.7,663.1,6.1,921.6,30.71
polyurethane_sandwich,0.022,40.0,1400.0,0.227,0.388,7.03,5.78,3.93,353.9,0.119,0.23,44.5,34.1,400.3,6.3,959.4,32.18
stabilized_earth_block,0.85,1800.0,880.0,0.486,0.382,10.4,9.43,3.47,205.4,0.114,0.08,7.2,22.5,365.0,22.4,704.9,10.58
burnt_clay_brick,0.77,1900.0,840.0,0.506,0.109,6.6,9.43,3.94,260.5,0.159,0.11,32.8,65.2,676.2,22.8,850.0,21.32
burnt_clay_brick,0.77,1900.0,840.0,0.119,0.339,6.43,8.46,4.34,120.4,0.176,0.2,40.1,19.6,870.4,18.9,956.8,31.4
stabilized_earth_block,0.85,1800.0,880.0,0.417,0.282,3.49,6.67,3.07,203.4,0.065,0.29,-14.3,63.9,1097.4,24.3,916.2,18.14
timber_frame,0.13,500.0,1600.0,0.352,0.151,5.61,5.76,2.68,29.7,0.114,0.07,2.9,16.8,601.8,19.6,654.8,25.8
autoclaved_aerated_concrete,0.16,550.0,1000.0,0.34,0.143,6.56,7.0,3.58,358.9,0.105,0.13,-6.4,44.4,784.7,14.8,647.3,16.62
eps_insulated_concrete,0.038,1250.0,1100.0,0.312,0.191,5.89,7.16,2.45,109.7,0.198,0.27,44.3,45.4,245.8,2.1,943.6,30.98
autoclaved_aerated_concrete,0.16,550.0,1000.0,0.443,0.13,9.56,3.6,3.95,87.5,0.124,0.1,33.3,33.0,443.3,20.3,728.1,21.59
eps_insulated_concrete,0.038,1250.0,1100.0,0.111,0.147,7.84,4.43,3.5,93.1,0.097,0.31,-15.1,65.9,118.4,15.0,878.7,6.23
stabilized_earth_block,0.85,1800.0,880.0,0.228,0.099,4.81,7.88,2.97,167.4,0.189,0.07,21.2,63.0,1012.9,9.6,645.3,28.41
burnt_clay_brick,0.77,1900.0,840.0,0.534,0.288,5.08,5.66,4.45,35.9,0.063,0.35,12.2,24.9,600.7,12.0,989.1,14.33
stabilized_earth_block,0.85,1800.0,880.0,0.12,0.375,5.74,6.43,3.96,6.6,0.137,0.17,-3.8,89.7,1078.6,7.6,626.0,18.45
burnt_clay_brick,0.77,1900.0,840.0,0.539,0.365,10.33,3.21,3.57,100.9,0.03,0.36,21.0,17.0,482.2,24.1,857.2,23.28
polyurethane_sandwich,0.022,40.0,1400.0,0.443,0.214,8.16,5.99,3.06,217.9,0.09,0.1,20.7,56.5,784.0,5.9,658.0,25.86
polyurethane_sandwich,0.022,40.0,1400.0,0.453,0.248,4.22,9.97,4.45,52.3,0.187,0.37,-2.8,54.6,1048.6,3.8,733.4,24.28
autoclaved_aerated_concrete,0.16,550.0,1000.0,0.464,0.325,10.92,5.9,3.26,159.5,0.187,0.36,40.3,31.9,879.1,3.6,677.6,35.14
timber_frame,0.13,500.0,1600.0,0.408,0.274,8.51,7.17,2.88,9.4,0.016,0.32,-15.6,77.7,568.8,16.6,677.3,6.22
eps_insulated_concrete,0.038,1250.0,1100.0,0.346,0.124,4.74,3.23,4.01,5.4,0.054,0.19,27.0,89.1,857.8,2.6,989.4,29.88
eps_insulated_concrete,0.038,1250.0,1100.0,0.534,0.237,5.92,6.2,2.92,145.8,0.008,0.31,1.6,35.0,711.5,18.8,849.4,35.03
timber_frame,0.13,500.0,1600.0,0.421,0.305,3.35,3.77,3.36,316.0,0.176,0.14,12.7,88.7,139.3,10.3,921.4,14.45
stabilized_earth_block,0.85,1800.0,880.0,0.195,0.221,10.96,8.42,3.0,59.9,0.059,0.37,23.3,82.3,563.6,16.5,638.0,25.96
timber_frame,0.13,500.0,1600.0,0.157,0.329,11.44,7.87,2.68,148.9,0.09,0.11,16.3,67.0,301.9,11.9,705.0,19.55
polyurethane_sandwich,0.022,40.0,1400.0,0.424,0.308,4.48,8.13,2.59,254.2,0.127,0.08,24.5,68.1,1075.2,15.7,667.2,28.15
timber_frame,0.13,500.0,1600.0,0.29,0.326,11.21,6.96,3.79,54.0,0.174,0.11,24.8,43.6,409.5,19.4,787.4,26.9
polyurethane_sandwich,0.022,40.0,1400.0,0.19,0.368,11.64,3.02,4.01,4.4,0.1,0.22,31.5,58.6,593.5,6.2,877.0,20.21
eps_insulated_concrete,0.038,1250.0,1100.0,0.305,0.105,8.4,4.71,3.55,223.1,0.112,0.34,-21.6,21.9,753.3,1.9,958.6,10.6
polyurethane_sandwich,0.022,40.0,1400.0,0.389,0.273,5.98,3.61,2.63,357.7,0.032,0.15,21.3,66.0,672.3,14.5,1005.8,23.98
polyurethane_sandwich,0.022,40.0,1400.0,0.389,0.378,3.84,5.1,3.17,136.4,0.014,0.2,13.5,33.4,234.5,17.7,715.3,16.59
timber_frame,0.13,500.0,1600.0,0.307,0.147,4.88,3.41,3.6,352.6,0.106,0.08,25.7,58.4,888.2,18.0,779.4,28.9
burnt_clay_brick,0.77,1900.0,840.0,0.23,0.264,8.61,9.49,3.69,178.7,0.146,0.22,31.6,80.7,332.7,8.0,681.3,22.35
stabilized_earth_block,0.85,1800.0,880.0,0.112,0.28,4.06,8.94,4.08,359.6,0.083,0.17,14.2,61.0,111.3,5.8,718.3,16.41
stabilized_earth_block,0.85,1800.0,880.0,0.254,0.242,5.92,3.04,3.84,122.9,0.145,0.27,-23.0,24.1,430.5,9.1,882.4,1.2
eps_insulated_concrete,0.038,1250.0,1100.0,0.499,0.287,7.33,7.39,4.27,193.3,0.067,0.32,4.0,69.4,935.1,8.2,904.5,41.93
burnt_clay_brick,0.77,1900.0,840.0,0.378,0.086,8.2,5.32,4.32,286.5,0.013,0.1,33.9,37.1,475.2,13.8,669.7,28.22
timber_frame,0.13,500.0,1600.0,0.295,0.27,10.78,8.26,3.88,113.2,0.006,0.19,9.8,29.0,551.9,23.8,690.8,13.0
burnt_clay_brick,0.77,1900.0,840.0,0.188,0.2,3.34,4.41,2.59,182.2,0.16,0.37,-14.2,37.2,583.5,22.0,730.4,15.31
burnt_clay_brick,0.77,1900.0,840.0,0.172,0.359,10.4,9.57,3.82,47.8,0.145,0.21,25.0,51.8,104.1,23.4,888.6,27.7
timber_frame,0.13,500.0,1600.0,0.536,0.187,11.0,3.72,4.01,268.4,0.004,0.32,19.7,26.8,300.6,7.9,823.6,22.43
eps_insulated_concrete,0.038,1250.0,1100.0,0.436,0.167,4.42,3.8,4.41,201.5,0.02,0.24,13.5,31.7,1043.3,20.3,841.1,21.8
autoclaved_aerated_concrete,0.16,550.0,1000.0,0.136,0.276,6.05,6.11,2.67,169.5,0.135,0.09,-21.2,44.1,279.0,15.3,849.0,2.19
polyurethane_sandwich,0.022,40.0,1400.0,0.45,0.277,5.81,8.72,3.9,241.5,0.107,0.39,27.9,47.3,231.8,20.5,986.3,30.91
eps_insulated_concrete,0.038,1250.0,1100.0,0.149,0.179,8.8,8.37,3.39,341.1,0.029,0.36,-6.9,39.1,283.4,23.0,738.7,14.66
burnt_clay_brick,0.77,1900.0,840.0,0.327,0.09,7.28,5.46,3.37,61.5,0.154,0.26,-16.1,18.2,917.6,20.1,736.9,8.96
polyurethane_sandwich,0.022,40.0,1400.0,0.135,0.177,7.15,7.13,2.9,87.7,0.032,0.22,-20.4,26.7,794.1,11.3,1011.7,2.84
timber_frame,0.13,500.0,1600.0,0.494,0.254,5.13,7.64,2.56,335.1,0.115,0.22,16.5,47.0,655.1,20.7,674.0,18.89
eps_insulated_concrete,0.038,1250.0,1100.0,0.135,0.115,10.33,8.4,3.2,177.9,0.132,0.08,32.2,81.0,1003.3,16.3,600.1,27.74
autoclaved_aerated_concrete,0.16,550.0,1000.0,0.43,0.225,5.62,7.31,3.34,74.0,0.175,0.15,30.6,64.4,1018.5,23.5,901.5,18.24
burnt_clay_brick,0.77,1900.0,840.0,0.595,0.266,8.5,6.57,4.18,306.9,0.012,0.37,42.8,10.1,660.0,24.5,646.1,37.0
burnt_clay_brick,0.77,1900.0,840.0,0.533,0.155,9.32,5.76,3.07,137.8,0.076,0.24,21.4,48.0,288.2,10.2,988.3,24.29
eps_insulated_concrete,0.038,1250.0,1100.0,0.177,0.399,9.03,3.94,2.55,5.7,0.144,0.22,5.6,89.2,184.7,16.4,774.7,7.87
eps_insulated_concrete,0.038,1250.0,1100.0,0.547,0.303,11.37,7.36,3.35,152.7,0.164,0.18,-9.2,44.0,107.4,13.0,907.0,17.97
polyurethane_sandwich,0.022,40.0,1400.0,0.351,0.211,7.92,5.57,4.45,204.5,0.141,0.09,8.7,65.2,242.1,18.6,1013.1,12.6
burnt_clay_brick,0.77,1900.0,840.0,0.332,0.105,11.01,3.62,3.39,267.0,0.192,0.08,19.4,73.8,412.5,2.3,744.3,22.21
stabilized_earth_block,0.85,1800.0,880.0,0.334,0.244,7.22,8.14,3.28,345.8,0.16,0.15,-22.5,83.8,849.4,18.4,836.8,1.28
stabilized_earth_block,0.85,1800.0,880.0,0.415,0.265,8.16,7.59,3.01,265.5,0.005,0.22,-16.1,16.1,883.8,7.0,858.6,-2.43
burnt_clay_brick,0.77,1900.0,840.0,0.529,0.085,4.0,4.22,3.64,54.4,0.089,0.33,-6.7,66.1,584.9,20.2,962.0,16.09
burnt_clay_brick,0.77,1900.0,840.0,0.592,0.39,8.36,8.75,4.16,271.0,0.083,0.18,21.2,68.1,267.3,14.9,953.6,22.96
stabilized_earth_block,0.85,1800.0,880.0,0.421,0.322,4.04,4.17,3.24,108.5,0.149,0.31,12.3,40.4,805.6,12.4,661.0,16.51
eps_insulated_concrete,0.038,1250.0,1100.0,0.106,0.377,7.04,7.75,4.42,245.8,0.008,0.37,19.6,86.5,531.8,23.0,960.5,23.36
burnt_clay_brick,0.77,1900.0,840.0,0.235,0.337,5.3,7.09,3.37,243.1,0.048,0.29,28.9,51.6,777.7,24.8,731.6,23.49
stabilized_earth_block,0.85,1800.0,880.0,0.436,0.346,3.11,3.68,2.62,160.5,0.044,0.15,-11.5,11.9,191.9,23.5,875.8,7.54
autoclaved_aerated_concrete,0.16,550.0,1000.0,0.575,0.284,9.37,3.84,4.2,46.8,0.131,0.36,14.6,87.4,996.0,17.7,706.4,18.32
eps_insulated_concrete,0.038,1250.0,1100.0,0.43,0.104,7.08,9.97,4.02,249.2,0.134,0.32,-7.0,72.5,377.3,2.5,763.2,19.77
stabilized_earth_block,0.85,1800.0,880.0,0.229,0.34,4.6,3.49,4.46,72.2,0.079,0.28,-17.4,53.3,531.3,15.7,644.6,2.86
eps_insulated_concrete,0.038,1250.0,1100.0,0.458,0.113,3.66,7.0,2.93,160.5,0.179,0.1,19.8,84.6,764.6,7.4,894.0,24.95
eps_insulated_concrete,0.038,1250.0,1100.0,0.387,0.245,11.46,6.43,3.32,303.9,0.156,0.32,12.8,10.3,1054.2,20.6,802.5,15.78
timber_frame,0.13,500.0,1600.0,0.368,0.397,6.0,5.12,2.52,358.9,0.129,0.18,34.7,37.2,941.2,19.3,721.8,23.98
autoclaved_aerated_concrete,0.16,550.0,1000.0,0.188,0.093,6.46,4.34,3.86,322.7,0.126,0.18,-19.1,60.6,835.3,4.4,681.1,3.5
polyurethane_sandwich,0.022,40.0,1400.0,0.598,0.156,6.5,8.55,3.75,179.9,0.193,0.33,42.7,11.3,439.3,9.1,902.8,32.07
eps_insulated_concrete,0.038,1250.0,1100.0,0.159,0.338,9.01,6.21,3.82,314.7,0.03,0.25,39.7,13.0,241.6,16.7,797.9,29.88
timber_frame,0.13,500.0,1600.0,0.123,0.304,4.17,4.21,2.5,110.6,0.159,0.21,-13.1,57.3,917.8,3.6,808.8,11.65
timber_frame,0.13,500.0,1600.0,0.21,0.337,6.84,8.68,4.46,244.2,0.065,0.39,15.3,21.0,936.4,20.0,921.0,19.68
timber_frame,0.13,500.0,1600.0,0.187,0.1,5.47,8.3,2.75,133.2,0.033,0.14,15.7,20.7,891.1,16.2,758.0,21.01
autoclaved_aerated_concrete,0.16,550.0,1000.0,0.108,0.236,3.06,4.26,2.59,234.6,0.177,0.2,31.5,71.8,792.4,5.9,868.7,22.84
timber_frame,0.13,500.0,1600.0,0.325,0.157,4.57,7.84,3.65,258.2,0.122,0.08,32.9,34.1,518.8,14.4,680.6,21.92
timber_frame,0.13,500.0,1600.0,0.588,0.278,10.76,9.91,3.47,167.1,0.125,0.12,-21.3,19.0,249.2,21.3,982.8,4.57
eps_insulated_concrete,0.038,1250.0,1100.0,0.188,0.294,3.39,7.51,3.0,156.5,0.067,0.33,28.1,13.5,840.4,23.2,673.9,23.17
stabilized_earth_block,0.85,1800.0,880.0,0.343,0.117,11.06,8.05,3.64,117.4,0.04,0.29,-2.2,72.3,426.1,3.4,909.9,17.21
autoclaved_aerated_concrete,0.16,550.0,1000.0,0.288,0.151,7.24,6.39,4.27,52.2,0.186,0.21,2.1,20.9,819.8,16.2,1009.7,26.33
autoclaved_aerated_concrete,0.16,550.0,1000.0,0.268,0.09,8.12,4.96,2.63,167.6,0.084,0.32,-9.6,33.6,256.8,20.1,1000.2,13.48
autoclaved_aerated_concrete,0.16,550.0,1000.0,0.389,0.257,5.07,5.88,3.5,310.4,0.043,0.22,7.4,11.2,528.1,21.9,704.1,10.61
eps_insulated_concrete,0.038,1250.0,1100.0,0.39,0.365,8.33,4.04,3.6,1.8,0.196,0.06,7.9,71.5,133.6,13.7,801.3,10.08
polyurethane_sandwich,0.022,40.0,1400.0,0.511,0.225,5.16,6.91,2.43,263.4,0.19,0.1,-4.3,61.8,190.7,12.5,728.0,20.74
polyurethane_sandwich,0.022,40.0,1400.0,0.33,0.263,8.25,9.83,3.37,49.9,0.141,0.11,36.0,60.1,803.9,1.0,863.5,23.86
eps_insulated_concrete,0.038,1250.0,1100.0,0.547,0.187,3.29,5.98,2.97,340.6,0.108,0.33,30.1,16.5,980.8,18.7,623.0,19.78
polyurethane_sandwich,0.022,40.0,1400.0,0.282,0.097,6.45,6.26,2.49,131.9,0.13,0.3,14.3,71.9,238.4,9.0,826.6,17.92
polyurethane_sandwich,0.022,40.0,1400.0,0.339,0.381,8.22,9.71,2.84,268.2,0.045,0.17,-6.3,64.4,377.1,2.5,745.0,17.97
eps_insulated_concrete,0.038,1250.0,1100.0,0.351,0.345,7.23,6.72,4.13,323.8,0.09,0.18,22.1,65.5,1078.1,22.2,679.1,25.66
eps_insulated_concrete,0.038,1250.0,1100.0,0.144,0.205,4.61,9.71,2.56,59.3,0.022,0.1,-14.5,26.3,1052.1,1.5,774.9,8.78
polyurethane_sandwich,0.022,40.0,1400.0,0.371,0.122,6.12,6.11,3.75,104.9,0.013,0.36,-8.7,85.8,744.7,10.9,744.0,18.01
polyurethane_sandwich,0.022,40.0,1400.0,0.493,0.236,8.99,6.71,3.55,164.9,0.113,0.36,-3.5,73.1,326.8,9.9,721.0,24.55
stabilized_earth_block,0.85,1800.0,880.0,0.174,0.171,11.61,7.33,2.74,192.7,0.036,0.11,24.6,82.4,894.5,4.9,649.1,31.48
burnt_clay_brick,0.77,1900.0,840.0,0.387,0.221,6.33,4.44,3.88,239.6,0.196,0.1,6.4,88.0,633.6,3.9,610.5,10.51
eps_insulated_concrete,0.038,1250.0,1100.0,0.484,0.383,11.35,4.09,4.44,196.6,0.101,0.28,-4.3,81.7,1069.6,19.1,1017.5,34.25
polyurethane_sandwich,0.022,40.0,1400.0,0.174,0.261,11.16,6.09,3.85,263.4,0.18,0.1,13.6,34.6,501.6,21.2,787.3,15.65
stabilized_earth_block,0.85,1800.0,880.0,0.263,0.275,4.76,6.69,4.04,276.2,0.039,0.08,34.5,64.2,1057.6,24.4,765.7,27.56
eps_insulated_concrete,0.038,1250.0,1100.0,0.259,0.274,11.49,9.36,3.16,53.3,0.171,0.18,1.1,32.8,451.4,24.5,967.2,25.94
stabilized_earth_block,0.85,1800.0,880.0,0.208,0.364,9.67,5.91,3.33,59.0,0.146,0.36,26.0,43.1,935.5,15.4,660.3,29.39
burnt_clay_brick,0.77,1900.0,840.0,0.337,0.358,11.88,3.46,4.42,272.2,0.018,0.19,39.0,43.2,655.8,18.0,917.2,34.24
autoclaved_aerated_concrete,0.16,550.0,1000.0,0.2,0.346,5.61,6.43,4.13,108.7,0.117,0.22,26.8,28.0,891.2,4.7,726.1,30.42
polyurethane_sandwich,0.022,40.0,1400.0,0.517,0.231,8.88,9.25,3.28,177.1,0.138,0.14,-16.6,32.2,1094.3,2.6,913.1,22.13
timber_frame,0.13,500.0,1600.0,0.34,0.22,5.32,7.8,4.45,294.6,0.075,0.31,-23.8,30.8,681.7,4.5,793.6,-1.57
polyurethane_sandwich,0.022,40.0,1400.0,0.168,0.132,5.45,5.94,4.32,128.2,0.058,0.24,40.5,51.1,866.4,5.4,639.7,32.9
autoclaved_aerated_concrete,0.16,550.0,1000.0,0.372,0.359,10.44,7.79,3.03,246.8,0.138,0.08,15.6,75.9,112.9,13.4,756.7,17.81
eps_insulated_concrete,0.038,1250.0,1100.0,0.306,0.375,4.47,4.53,3.46,299.4,0.159,0.25,23.3,86.2,946.1,18.1,895.0,26.52
stabilized_earth_block,0.85,1800.0,880.0,0.309,0.373,4.05,3.92,2.44,125.4,0.138,0.1,5.9,89.0,623.1,24.3,672.3,9.78
burnt_clay_brick,0.77,1900.0,840.0,0.114,0.341,5.0,9.0,2.7,81.6,0.025,0.1,-19.5,65.3,884.0,2.9,925.4,-6.24
eps_insulated_concrete,0.038,1250.0,1100.0,0.121,0.115,10.14,6.59,2.52,42.8,0.051,0.07,21.7,70.4,882.4,23.1,686.3,24.58
autoclaved_aerated_concrete,0.16,550.0,1000.0,0.192,0.192,3.82,8.92,4.38,341.6,0.07,0.11,10.0,68.3,341.8,14.7,641.6,11.84
timber_frame,0.13,500.0,1600.0,0.482,0.249,9.44,9.75,2.76,271.4,0.001,0.3,39.7,83.6,951.3,12.4,893.2,32.17
autoclaved_aerated_concrete,0.16,550.0,1000.0,0.32,0.386,4.63,5.48,3.2,77.1,0.046,0.09,43.9,19.9,210.3,4.3,920.2,34.41
polyurethane_sandwich,0.022,40.0,1400.0,0.244,0.311,3.74,6.46,3.21,164.5,0.147,0.29,33.9,28.1,507.3,24.6,779.7,24.53
stabilized_earth_block,0.85,1800.0,880.0,0.547,0.337,11.45,5.57,2.43,242.7,0.134,0.19,11.6,64.1,219.2,10.5,891.9,13.94
stabilized_earth_block,0.85,1800.0,880.0,0.471,0.366,4.52,5.55,2.82,72.1,0.169,0.19,-8.7,44.0,599.1,19.4,921.7,15.22
timber_frame,0.13,500.0,1600.0,0.236,0.333,8.79,5.8,3.4,217.1,0.081,0.22,-5.5,71.4,208.0,7.0,808.9,16.76
polyurethane_sandwich,0.022,40.0,1400.0,0.571,0.09,9.64,8.81,3.45,9.6,0.036,0.26,-2.1,34.2,723.2,19.2,877.7,24.28
timber_frame,0.13,500.0,1600.0,0.484,0.334,4.82,7.63,3.43,94.2,0.069,0.35,13.3,86.2,131.6,11.3,984.3,15.06
eps_insulated_concrete,0.038,1250.0,1100.0,0.325,0.353,6.98,3.25,2.77,237.4,0.156,0.36,-13.5,44.5,412.5,10.3,920.9,14.1
timber_frame,0.13,500.0,1600.0,0.438,0.291,9.17,7.01,3.4,307.6,0.101,0.19,9.6,87.7,716.9,9.5,1010.7,12.17
burnt_clay_brick,0.77,1900.0,840.0,0.131,0.269,4.15,5.56,4.1,210.2,0.153,0.27,1.6,44.3,1091.9,10.9,623.7,34.65
autoclaved_aerated_concrete,0.16,550.0,1000.0,0.224,0.287,8.33,9.37,2.54,109.8,0.068,0.06,-2.2,46.9,963.4,14.6,978.6,20.74
burnt_clay_brick,0.77,1900.0,840.0,0.11,0.23,3.2,5.22,3.6,116.1,0.02,0.22,23.4,26.5,596.7,20.5,880.3,26.44
autoclaved_aerated_concrete,0.16,550.0,1000.0,0.407,0.196,6.92,6.48,4.18,283.4,0.168,0.24,-4.9,13.8,1096.2,10.6,694.9,20.04
polyurethane_sandwich,0.022,40.0,1400.0,0.579,0.31,8.2,7.14,2.97,203.9,0.106,0.2,-0.7,16.1,923.7,13.1,726.0,34.09
polyurethane_sandwich,0.022,40.0,1400.0,0.37,0.144,6.62,7.37,3.35,274.8,0.036,0.06,24.2,79.0,676.8,6.1,1004.1,27.68
polyurethane_sandwich,0.022,40.0,1400.0,0.569,0.166,8.74,8.66,4.19,326.5,0.187,0.3,-20.8,26.1,562.5,6.8,913.5,4.94
burnt_clay_brick,0.77,1900.0,840.0,0.522,0.211,10.74,9.38,3.73,304.5,0.053,0.15,-13.8,64.9,336.1,6.7,663.0,5.77
stabilized_earth_block,0.85,1800.0,880.0,0.223,0.345,7.18,6.92,3.32,232.9,0.007,0.11,-15.4,30.7,903.5,16.8,673.9,0.91
stabilized_earth_block,0.85,1800.0,880.0,0.582,0.235,3.18,9.02,2.58,216.6,0.173,0.37,3.5,39.1,757.4,3.2,996.1,35.56
polyurethane_sandwich,0.022,40.0,1400.0,0.521,0.156,8.14,6.5,2.65,239.1,0.116,0.32,11.8,49.7,190.2,15.4,924.7,14.28
burnt_clay_brick,0.77,1900.0,840.0,0.265,0.267,6.51,8.24,2.9,152.2,0.029,0.11,42.9,45.2,354.3,15.1,806.0,38.57
burnt_clay_brick,0.77,1900.0,840.0,0.45,0.116,7.91,6.32,2.92,100.0,0.157,0.1,8.3,39.4,408.2,16.5,980.2,11.03
stabilized_earth_block,0.85,1800.0,880.0,0.521,0.292,11.47,7.83,4.06,86.3,0.111,0.16,42.1,39.0,912.3,3.9,964.1,32.24
eps_insulated_concrete,0.038,1250.0,1100.0,0.294,0.371,6.54,9.85,2.94,32.5,0.165,0.13,-10.3,81.2,1015.9,16.2,969.4,16.1
polyurethane_sandwich,0.022,40.0,1400.0,0.303,0.091,10.8,8.76,4.38,169.6,0.083,0.34,25.2,80.1,920.2,20.8,893.4,32.38
timber_frame,0.13,500.0,1600.0,0.133,0.215,9.56,6.83,3.09,250.3,0.152,0.27,-12.1,45.5,741.1,1.1,684.0,11.22
burnt_clay_brick,0.77,1900.0,840.0,0.257,0.106,4.42,6.61,4.44,299.0,0.153,0.35,23.0,73.4,419.4,12.5,908.8,24.89
burnt_clay_brick,0.77,1900.0,840.0,0.187,0.27,5.95,4.97,2.58,132.3,0.079,0.18,33.4,55.6,120.7,1.6,834.6,24.78
timber_frame,0.13,500.0,1600.0,0.413,0.37,11.77,4.39,3.87,60.8,0.08,0.2,-6.8,17.1,467.9,23.7,649.3,16.67
polyurethane_sandwich,0.022,40.0,1400.0,0.363,0.327,11.35,8.79,3.44,80.8,0.041,0.38,31.9,31.3,846.4,10.2,781.1,21.44
autoclaved_aerated_concrete,0.16,550.0,1000.0,0.4,0.398,5.55,7.74,3.28,147.1,0.029,0.15,-6.7,59.4,1007.3,9.9,887.4,23.66
eps_insulated_concrete,0.038,1250.0,1100.0,0.143,0.23,10.84,9.82,3.23,76.4,0.077,0.2,16.8,15.8,657.0,2.3,991.0,19.65
eps_insulated_concrete,0.038,1250.0,1100.0,0.554,0.399,11.45,9.77,3.66,269.4,0.009,0.14,18.4,34.2,494.7,9.9,1006.6,22.16
timber_frame,0.13,500.0,1600.0,0.121,0.137,4.53,6.45,3.11,168.5,0.018,0.3,5.3,30.8,413.3,24.5,809.7,10.08
burnt_clay_brick,0.77,1900.0,840.0,0.474,0.376,5.55,9.14,3.69,274.2,0.053,0.16,37.5,35.2,1094.6,19.3,663.5,30.23
polyurethane_sandwich,0.022,40.0,1400.0,0.418,0.221,4.7,3.38,2.78,169.3,0.033,0.21,-16.9,81.6,594.9,11.6,1015.3,14.13
timber_frame,0.13,500.0,1600.0,0.343,0.238,10.61,9.07,2.66,33.7,0.174,0.11,-13.2,50.7,372.8,22.4,846.0,9.57
timber_frame,0.13,500.0,1600.0,0.599,0.081,9.9,4.26,4.33,88.6,0.1,0.08,-2.0,32.7,1081.3,3.9,756.9,23.81
stabilized_earth_block,0.85,1800.0,880.0,0.518,0.129,3.73,8.81,3.79,163.5,0.191,0.26,-24.6,87.6,756.2,23.8,736.5,8.33
polyurethane_sandwich,0.022,40.0,1400.0,0.6,0.37,10.17,3.91,4.21,288.6,0.057,0.33,27.1,53.8,702.3,3.2,707.2,29.35
autoclaved_aerated_concrete,0.16,550.0,1000.0,0.583,0.357,3.8,8.97,2.74,280.6,0.057,0.31,20.8,19.6,590.8,11.4,938.7,23.22
burnt_clay_brick,0.77,1900.0,840.0,0.552,0.273,6.23,3.67,3.17,72.0,0.089,0.19,-6.2,58.0,190.2,11.1,754.7,14.97
autoclaved_aerated_concrete,0.16,550.0,1000.0,0.317,0.216,3.36,5.39,3.37,80.7,0.137,0.1,9.7,60.4,624.7,8.0,783.7,13.03
eps_insulated_concrete,0.038,1250.0,1100.0,0.25,0.395,9.16,5.1,2.92,154.0,0.114,0.24,39.2,51.1,610.7,10.9,795.2,31.86
polyurethane_sandwich,0.022,40.0,1400.0,0.384,0.161,5.29,3.57,3.46,41.0,0.132,0.11,-12.2,41.4,183.3,22.0,725.0,12.0
timber_frame,0.13,500.0,1600.0,0.462,0.322,7.05,8.65,3.12,330.5,0.162,0.12,-19.5,88.6,359.3,17.2,782.2,4.96
stabilized_earth_block,0.85,1800.0,880.0,0.103,0.117,4.55,6.34,3.85,312.8,0.193,0.26,9.1,59.5,1073.9,9.7,883.0,12.34
polyurethane_sandwich,0.022,40.0,1400.0,0.438,0.337,3.79,3.95,2.8,293.7,0.139,0.12,-23.1,48.5,245.2,6.8,953.7,1.06
timber_frame,0.13,500.0,1600.0,0.195,0.176,7.17,6.32,2.45,59.8,0.03,0.3,42.5,47.7,959.8,15.0,684.6,35.87
timber_frame,0.13,500.0,1600.0,0.515,0.205,6.0,3.72,4.18,155.4,0.083,0.22,15.5,68.5,1099.0,1.9,767.9,23.26
timber_frame,0.13,500.0,1600.0,0.396,0.276,9.11,8.72,3.42,257.1,0.106,0.2,-2.9,15.1,992.9,11.0,798.8,21.51
eps_insulated_concrete,0.038,1250.0,1100.0,0.411,0.287,7.03,6.05,2.74,261.4,0.094,0.2,10.5,57.0,785.0,23.1,958.5,13.29
polyurethane_sandwich,0.022,40.0,1400.0,0.428,0.122,5.64,7.98,4.42,299.9,0.135,0.31,30.7,74.0,944.5,15.9,718.6,18.56
polyurethane_sandwich,0.022,40.0,1400.0,0.143,0.235,4.56,4.09,3.43,285.7,0.189,0.22,-8.6,54.5,1099.3,9.6,709.5,16.53
polyurethane_sandwich,0.022,40.0,1400.0,0.179,0.345,11.05,3.22,2.53,155.0,0.124,0.09,-9.3,30.6,440.3,9.5,619.6,18.8
timber_frame,0.13,500.0,1600.0,0.234,0.128,9.21,6.61,3.81,254.3,0.185,0.2,7.0,77.3,210.9,3.5,856.4,10.08
stabilized_earth_block,0.85,1800.0,880.0,0.512,0.093,3.95,7.41,4.23,328.0,0.031,0.15,5.9,50.5,832.6,3.4,871.8,8.24
burnt_clay_brick,0.77,1900.0,840.0,0.51,0.119,4.82,9.79,4.02,2.4,0.167,0.22,-4.9,23.7,366.0,18.2,774.3,19.31
polyurethane_sandwich,0.022,40.0,1400.0,0.432,0.129,9.78,5.95,2.88,288.6,0.083,0.19,7.1,78.2,894.6,9.7,612.5,9.82
autoclaved_aerated_concrete,0.16,550.0,1000.0,0.485,0.31,7.66,3.49,3.11,144.6,0.154,0.2,2.5,13.0,1022.5,4.6,841.3,35.68
polyurethane_sandwich,0.022,40.0,1400.0,0.59,0.336,10.88,9.81,3.28,318.9,0.14,0.36,25.5,35.1,444.2,20.8,978.1,27.79
timber_frame,0.13,500.0,1600.0,0.56,0.304,7.02,4.44,3.54,283.8,0.13,0.29,37.1,72.5,504.5,5.7,726.6,25.04
stabilized_earth_block,0.85,1800.0,880.0,0.369,0.205,9.47,9.16,3.49,194.7,0.043,0.23,-3.1,37.3,735.7,1.6,973.9,23.17
timber_frame,0.13,500.0,1600.0,0.396,0.157,9.97,8.09,4.47,39.8,0.012,0.18,18.9,38.4,147.7,16.6,652.4,20.73
burnt_clay_brick,0.77,1900.0,840.0,0.386,0.082,6.05,4.65,3.97,209.4,0.143,0.38,21.6,77.6,333.8,8.2,880.1,25.44
polyurethane_sandwich,0.022,40.0,1400.0,0.386,0.125,6.4,8.16,2.62,185.9,0.039,0.32,6.8,21.7,525.7,10.9,638.7,11.81
eps_insulated_concrete,0.038,1250.0,1100.0,0.544,0.232,7.02,5.59,3.51,211.8,0.104,0.19,-6.5,49.9,523.4,11.6,991.0,24.88
eps_insulated_concrete,0.038,1250.0,1100.0,0.466,0.213,4.47,6.54,3.42,164.8,0.194,0.23,12.0,65.6,555.4,1.8,665.9,16.63
timber_frame,0.13,500.0,1600.0,0.285,0.385,8.41,5.86,2.65,205.8,0.008,0.1,1.0,89.3,403.3,12.7,932.3,23.03
autoclaved_aerated_concrete,0.16,550.0,1000.0,0.492,0.215,11.43,5.14,3.0,65.9,0.148,0.05,13.3,15.4,144.7,12.5,730.1,15.75
eps_insulated_concrete,0.038,1250.0,1100.0,0.55,0.33,7.28,8.04,3.67,274.3,0.101,0.21,6.5,45.9,966.3,8.8,935.9,9.77
polyurethane_sandwich,0.022,40.0,1400.0,0.412,0.204,11.1,5.37,2.5,241.4,0.089,0.15,-18.8,23.2,124.8,16.1,924.1,5.32
burnt_clay_brick,0.77,1900.0,840.0,0.381,0.12,8.03,4.35,3.7,207.7,0.011,0.25,-11.7,48.1,996.9,3.9,993.2,13.06
autoclaved_aerated_concrete,0.16,550.0,1000.0,0.581,0.168,4.85,8.81,4.16,208.6,0.017,0.24,-2.6,57.1,591.5,23.4,742.8,25.13
autoclaved_aerated_concrete,0.16,550.0,1000.0,0.307,0.355,5.86,4.8,2.64,35.8,0.034,0.1,-7.1,17.2,406.8,10.8,671.1,11.66
timber_frame,0.13,500.0,1600.0,0.581,0.138,9.42,5.09,2.61,51.3,0.179,0.14,40.9,82.0,151.9,6.8,850.7,27.81
autoclaved_aerated_concrete,0.16,550.0,1000.0,0.346,0.321,6.47,3.81,2.53,167.3,0.081,0.22,3.5,28.7,986.2,7.5,1004.7,36.45
polyurethane_sandwich,0.022,40.0,1400.0,0.151,0.324,8.86,3.88,3.59,160.6,0.169,0.23,29.8,21.4,640.4,5.0,703.0,21.82
eps_insulated_concrete,0.038,1250.0,1100.0,0.581,0.258,3.38,8.69,4.42,223.5,0.131,0.11,-20.8,83.7,373.3,7.0,885.6,8.25
burnt_clay_brick,0.77,1900.0,840.0,0.521,0.148,10.57,4.97,2.74,192.3,0.014,0.08,23.9,76.4,825.1,25.0,968.9,29.37
autoclaved_aerated_concrete,0.16,550.0,1000.0,0.405,0.386,5.86,7.77,3.12,94.1,0.151,0.21,-7.8,88.6,441.6,12.0,851.8,14.72
stabilized_earth_block,0.85,1800.0,880.0,0.557,0.123,11.3,7.26,2.41,3.4,0.035,0.24,23.8,49.1,492.8,2.9,968.2,26.37
polyurethane_sandwich,0.022,40.0,1400.0,0.139,0.09,10.49,7.7,3.81,127.1,0.163,0.34,0.1,24.2,868.0,17.7,603.5,30.14
eps_insulated_concrete,0.038,1250.0,1100.0,0.285,0.142,3.08,8.2,3.99,245.0,0.142,0.12,32.1,60.0,908.4,6.3,1011.7,21.81
burnt_clay_brick,0.77,1900.0,840.0,0.118,0.238,9.34,7.24,2.41,354.3,0.128,0.09,-5.6,50.0,270.5,5.7,910.3,15.06
polyurethane_sandwich,0.022,40.0,1400.0,0.441,0.261,3.59,3.9,2.54,93.5,0.114,0.13,11.6,72.6,291.9,17.3,1016.6,13.25
polyurethane_sandwich,0.022,40.0,1400.0,0.439,0.277,9.13,9.18,2.4,153.8,0.135,0.28,34.8,35.8,944.3,10.8,651.1,28.96
timber_frame,0.13,500.0,1600.0,0.333,0.196,9.83,9.19,2.87,100.1,0.084,0.21,-24.6,25.6,181.8,14.7,610.7,-3.57
polyurethane_sandwich,0.022,40.0,1400.0,0.213,0.301,11.62,9.42,2.81,118.5,0.013,0.27,-23.0,44.6,124.0,20.1,992.7,-0.05
burnt_clay_brick,0.77,1900.0,840.0,0.224,0.232,11.63,8.83,4.13,187.1,0.047,0.08,17.0,45.1,195.7,11.7,652.4,20.03
stabilized_earth_block,0.85,1800.0,880.0,0.558,0.201,11.01,7.85,4.04,22.3,0.16,0.07,17.8,44.5,201.8,2.3,621.9,19.66
eps_insulated_concrete,0.038,1250.0,1100.0,0.301,0.278,6.7,9.05,4.05,224.6,0.091,0.21,5.0,59.6,201.3,16.6,883.8,7.64
stabilized_earth_block,0.85,1800.0,880.0,0.327,0.185,4.73,3.72,3.65,24.3,0.158,0.12,15.1,61.0,356.3,11.1,904.3,17.88
eps_insulated_concrete,0.038,1250.0,1100.0,0.193,0.124,3.4,3.89,3.63,184.7,0.13,0.18,15.9,53.3,245.6,12.3,853.4,19.0
burnt_clay_brick,0.77,1900.0,840.0,0.284,0.083,8.28,7.75,2.52,182.6,0.167,0.35,4.5,25.6,300.4,22.8,929.8,30.79
burnt_clay_brick,0.77,1900.0,840.0,0.195,0.232,9.23,6.27,3.85,306.7,0.113,0.17,-4.0,36.3,204.8,22.0,982.4,15.78
eps_insulated_concrete,0.038,1250.0,1100.0,0.21,0.081,5.01,4.61,3.71,86.0,0.147,0.38,-1.8,69.2,305.3,5.4,1015.7,22.44
burnt_clay_brick,0.77,1900.0,840.0,0.105,0.195,7.99,4.0,3.32,227.3,0.183,0.18,43.3,25.9,384.1,6.3,710.0,33.25
autoclaved_aerated_concrete,0.16,550.0,1000.0,0.27,0.257,4.61,3.15,4.17,327.8,0.004,0.29,1.5,73.0,211.0,23.5,728.1,16.96
autoclaved_aerated_concrete,0.16,550.0,1000.0,0.285,0.199,4.54,6.69,4.08,224.4,0.087,0.3,-16.7,80.6,230.8,5.6,823.7,5.37
polyurethane_sandwich,0.022,40.0,1400.0,0.287,0.272,11.79,4.71,2.5,221.8,0.038,0.24,30.3,36.2,153.3,20.1,966.6,19.77
timber_frame,0.13,500.0,1600.0,0.584,0.363,4.88,3.57,3.39,238.9,0.013,0.23,27.6,61.6,609.2,13.0,795.0,31.27
burnt_clay_brick,0.77,1900.0,840.0,0.456,0.248,7.35,9.69,3.39,209.2,0.128,0.33,20.5,26.6,994.9,11.8,698.4,27.71
autoclaved_aerated_concrete,0.16,550.0,1000.0,0.253,0.364,8.14,9.55,3.19,198.2,0.027,0.08,6.1,38.1,684.0,12.2,860.9,11.24
eps_insulated_concrete,0.038,1250.0,1100.0,0.326,0.218,6.31,6.48,2.97,8.9,0.088,0.14,-19.7,82.1,394.5,13.0,829.6,5.28
stabilized_earth_block,0.85,1800.0,880.0,0.493,0.377,3.89,3.5,2.48,72.1,0.039,0.17,-3.8,75.2,783.5,7.6,896.4,15.6
autoclaved_aerated_concrete,0.16,550.0,1000.0,0.599,0.321,9.66,9.39,2.42,107.8,0.164,0.32,3.3,42.5,680.0,16.7,798.2,29.58
timber_frame,0.13,500.0,1600.0,0.595,0.384,10.79,4.59,3.92,75.6,0.047,0.26,13.7,47.5,914.4,9.2,636.1,16.84
autoclaved_aerated_concrete,0.16,550.0,1000.0,0.314,0.381,6.76,6.07,4.19,10.8,0.028,0.36,-3.6,69.0,599.8,16.8,749.0,16.42
autoclaved_aerated_concrete,0.16,550.0,1000.0,0.31,0.299,6.63,8.45,3.53,117.4,0.005,0.32,39.6,22.3,1052.6,8.9,864.5,35.59
timber_frame,0.13,500.0,1600.0,0.557,0.264,6.52,5.67,4.39,22.9,0.077,0.22,-2.0,87.0,739.0,8.3,672.0,22.27
polyurethane_sandwich,0.022,40.0,1400.0,0.376,0.09,9.2,6.42,2.79,25.0,0.193,0.15,-8.7,62.8,170.0,2.4,817.8,15.38
autoclaved_aerated_concrete,0.16,550.0,1000.0,0.263,0.371,6.52,9.93,2.67,150.6,0.149,0.19,38.3,26.5,970.4,8.4,943.5,33.34
polyurethane_sandwich,0.022,40.0,1400.0,0.337,0.273,11.45,7.11,3.46,246.5,0.055,0.05,-15.0,15.1,499.2,20.4,820.9,10.69
timber_frame,0.13,500.0,1600.0,0.54,0.227,8.19,8.16,3.0,317.2,0.091,0.3,24.8,33.8,713.0,20.4,673.6,27.74
autoclaved_aerated_concrete,0.16,550.0,1000.0,0.19,0.278,6.89,5.69,3.78,251.5,0.019,0.29,-21.9,80.8,257.9,22.2,825.8,-4.43
polyurethane_sandwich,0.022,40.0,1400.0,0.558,0.303,9.5,4.52,3.44,357.3,0.111,0.4,-19.6,18.4,866.5,8.8,789.4,7.33
burnt_clay_brick,0.77,1900.0,840.0,0.204,0.094,3.24,7.47,3.82,166.3,0.069,0.19,-11.4,13.0,350.6,18.0,657.3,10.51
polyurethane_sandwich,0.022,40.0,1400.0,0.474,0.235,3.61,6.84,2.91,342.0,0.028,0.34,33.9,23.6,118.1,3.4,723.5,22.69
timber_frame,0.13,500.0,1600.0,0.471,0.134,9.04,3.08,2.97,158.6,0.036,0.3,37.5,52.6,542.1,2.1,866.6,31.52
timber_frame,0.13,500.0,1600.0,0.421,0.309,11.07,5.73,3.05,18.9,0.001,0.32,28.7,84.3,474.6,6.7,638.4,19.48
eps_insulated_concrete,0.038,1250.0,1100.0,0.114,0.085,10.38,7.76,2.53,345.1,0.019,0.34,21.5,67.9,144.0,13.3,942.6,23.27
burnt_clay_brick,0.77,1900.0,840.0,0.381,0.141,4.86,6.79,4.37,43.5,0.043,0.17,-12.8,42.2,416.2,10.3,792.7,4.53
stabilized_earth_block,0.85,1800.0,880.0,0.429,0.169,8.62,3.31,4.26,148.0,0.154,0.22,44.3,67.0,891.3,23.1,839.1,38.55
burnt_clay_brick,0.77,1900.0,840.0,0.58,0.272,11.83,7.87,3.82,350.1,0.139,0.17,19.5,80.7,418.0,21.4,802.5,21.96
burnt_clay_brick,0.77,1900.0,840.0,0.109,0.372,7.04,6.58,3.96,181.2,0.141,0.05,-23.5,70.7,224.1,6.7,780.0,-0.01
autoclaved_aerated_concrete,0.16,550.0,1000.0,0.41,0.099,6.37,5.08,2.72,73.6,0.008,0.37,16.9,85.7,839.3,8.9,716.8,20.03
polyurethane_sandwich,0.022,40.0,1400.0,0.493,0.093,10.13,5.9,4.11,270.2,0.046,0.31,-1.0,26.5,154.1,23.0,1015.1,23.22
polyurethane_sandwich,0.022,40.0,1400.0,0.448,0.151,10.85,6.65,2.79,226.7,0.013,0.22,41.8,14.2,1092.0,23.5,652.7,37.14
autoclaved_aerated_concrete,0.16,550.0,1000.0,0.396,0.346,11.39,4.65,2.56,261.0,0.062,0.3,-7.9,24.1,349.0,7.8,788.3,12.45
polyurethane_sandwich,0.022,40.0,1400.0,0.201,0.356,7.33,9.66,3.16,136.0,0.094,0.2,17.7,44.7,255.9,23.9,802.4,20.81
eps_insulated_concrete,0.038,1250.0,1100.0,0.314,0.107,11.16,5.1,3.53,199.0,0.035,0.18,-3.6,32.7,662.1,12.5,740.0,28.36
polyurethane_sandwich,0.022,40.0,1400.0,0.335,0.13,4.71,3.09,3.45,261.1,0.098,0.37,40.8,87.6,473.1,12.7,869.2,28.26
timber_frame,0.13,500.0,1600.0,0.136,0.363,11.93,3.87,4.36,58.5,0.153,0.38,29.0,70.1,448.6,18.0,866.7,17.85
burnt_clay_brick,0.77,1900.0,840.0,0.448,0.288,11.34,8.15,2.91,12.4,0.163,0.27,22.3,65.8,745.3,7.3,791.3,25.28
polyurethane_sandwich,0.022,40.0,1400.0,0.174,0.159,8.21,7.64,2.74,42.0,0.018,0.3,1.9,66.5,1074.1,2.9,982.2,26.65
eps_insulated_concrete,0.038,1250.0,1100.0,0.183,0.217,9.23,6.5,3.52,319.2,0.117,0.31,27.7,83.9,969.4,3.6,840.5,31.07
burnt_clay_brick,0.77,1900.0,840.0,0.507,0.166,4.89,8.24,3.87,2.3,0.034,0.22,-18.2,71.9,517.8,11.0,721.1,1.38
eps_insulated_concrete,0.038,1250.0,1100.0,0.185,0.2,9.34,4.39,2.78,341.5,0.09,0.34,-12.0,14.7,282.7,19.2,708.9,11.21
eps_insulated_concrete,0.038,1250.0,1100.0,0.32,0.372,3.98,7.46,2.57,30.9,0.025,0.07,-22.9,28.8,585.2,19.3,604.0,2.11
burnt_clay_brick,0.77,1900.0,840.0,0.476,0.082,8.24,9.91,2.6,188.0,0.001,0.26,44.1,70.9,1032.1,12.4,741.6,47.89
eps_insulated_concrete,0.038,1250.0,1100.0,0.268,0.298,6.09,5.21,2.9,130.0,0.08,0.26,43.3,79.8,906.3,1.1,965.6,36.17
eps_insulated_concrete,0.038,1250.0,1100.0,0.463,0.364,4.25,7.21,4.22,100.6,0.14,0.34,0.8,59.5,758.9,12.4,773.5,28.46
autoclaved_aerated_concrete,0.16,550.0,1000.0,0.102,0.284,11.48,5.26,3.73,314.4,0.194,0.31,22.5,28.7,584.5,18.7,933.5,24.83
burnt_clay_brick,0.77,1900.0,840.0,0.314,0.378,11.38,9.91,4.2,325.9,0.147,0.15,-11.3,21.5,620.1,14.7,959.9,11.78
timber_frame,0.13,500.0,1600.0,0.116,0.239,3.78,8.83,4.49,355.4,0.093,0.36,41.9,48.6,640.7,6.8,671.6,32.09
polyurethane_sandwich,0.022,40.0,1400.0,0.45,0.114,11.94,3.2,4.35,117.5,0.077,0.15,25.3,63.3,1051.5,17.1,879.5,30.1
timber_frame,0.13,500.0,1600.0,0.417,0.237,10.16,5.33,2.87,207.3,0.185,0.07,-1.0,82.8,843.0,18.4,874.6,31.38
timber_frame,0.13,500.0,1600.0,0.583,0.22,5.1,4.81,3.01,40.1,0.068,0.26,-11.8,85.4,672.8,4.1,731.6,12.97
eps_insulated_concrete,0.038,1250.0,1100.0,0.388,0.081,3.56,6.75,4.18,352.7,0.064,0.18,22.6,73.7,619.8,15.4,693.3,25.07
eps_insulated_concrete,0.038,1250.0,1100.0,0.105,0.353,5.84,8.71,3.02,78.8,0.136,0.1,-5.2,69.8,949.1,20.9,614.4,18.76
burnt_clay_brick,0.77,1900.0,840.0,0.254,0.397,4.11,9.98,3.88,172.2,0.166,0.22,24.3,40.1,1081.1,9.0,947.7,31.85
autoclaved_aerated_concrete,0.16,550.0,1000.0,0.524,0.379,5.03,8.15,4.34,279.4,0.171,0.3,-4.1,75.2,1012.4,4.8,609.1,21.22
eps_insulated_concrete,0.038,1250.0,1100.0,0.269,0.297,11.91,8.3,3.22,190.0,0.057,0.29,-11.3,78.5,493.8,4.1,916.0,18.65
timber_frame,0.13,500.0,1600.0,0.533,0.097,11.41,5.13,3.77,207.8,0.088,0.22,37.8,26.8,904.4,5.7,873.5,33.44
burnt_clay_brick,0.77,1900.0,840.0,0.463,0.264,9.1,9.92,2.71,342.1,0.085,0.34,39.8,17.7,1074.2,5.3,622.0,31.05
timber_frame,0.13,500.0,1600.0,0.425,0.27,11.73,7.39,3.25,12.2,0.048,0.22,23.2,86.4,752.8,10.0,890.6,26.38
polyurethane_sandwich,0.022,40.0,1400.0,0.429,0.329,10.78,7.55,2.98,235.2,0.073,0.09,-19.2,49.1,768.8,13.2,609.7,10.61
timber_frame,0.13,500.0,1600.0,0.594,0.233,9.24,3.66,3.65,138.2,0.2,0.3,-4.1,20.0,425.2,18.1,962.1,24.28
timber_frame,0.13,500.0,1600.0,0.192,0.34,3.18,6.89,3.53,292.4,0.098,0.23,15.9,67.1,890.1,4.0,916.3,19.64
polyurethane_sandwich,0.022,40.0,1400.0,0.549,0.138,8.39,4.26,3.56,288.2,0.025,0.1,-10.6,22.9,662.5,21.4,614.7,14.74
stabilized_earth_block,0.85,1800.0,880.0,0.353,0.196,7.9,5.96,4.38,0.0,0.06,0.38,11.4,72.6,759.2,11.7,842.4,13.81
polyurethane_sandwich,0.022,40.0,1400.0,0.256,0.371,11.97,7.24,3.47,247.7,0.133,0.07,-22.4,21.3,956.1,6.2,656.4,4.65
timber_frame,0.13,500.0,1600.0,0.208,0.195,4.16,7.36,2.56,91.8,0.076,0.37,3.0,16.7,354.2,11.2,891.7,24.22
timber_frame,0.13,500.0,1600.0,0.202,0.281,5.42,7.43,3.76,257.2,0.113,0.28,10.8,23.1,921.6,8.6,930.9,14.23
eps_insulated_concrete,0.038,1250.0,1100.0,0.113,0.273,3.7,3.87,2.63,197.4,0.013,0.27,0.4,36.7,373.3,21.9,694.8,24.28
stabilized_earth_block,0.85,1800.0,880.0,0.149,0.393,5.0,9.66,4.04,44.5,0.105,0.36,16.2,74.5,195.5,9.4,840.3,18.54
burnt_clay_brick,0.77,1900.0,840.0,0.376,0.274,11.07,4.2,4.39,140.2,0.069,0.31,42.8,52.5,694.6,21.4,800.3,37.59
autoclaved_aerated_concrete,0.16,550.0,1000.0,0.23,0.3,9.42,7.6,2.7,204.3,0.053,0.37,19.7,39.6,877.5,17.3,775.7,27.42
eps_insulated_concrete,0.038,1250.0,1100.0,0.192,0.396,10.19,6.52,2.98,154.0,0.188,0.36,32.0,34.4,957.9,23.7,770.7,26.4
burnt_clay_brick,0.77,1900.0,840.0,0.523,0.283,3.69,4.68,2.6,207.1,0.017,0.15,40.1,74.7,110.7,23.8,884.4,33.97
polyurethane_sandwich,0.022,40.0,1400.0,0.168,0.239,9.17,7.74,3.52,44.9,0.003,0.12,33.2,10.6,525.0,13.8,744.9,23.69
polyurethane_sandwich,0.022,40.0,1400.0,0.431,0.375,11.99,9.61,3.84,15.2,0.09,0.11,40.1,71.1,1003.8,5.2,754.2,29.15
autoclaved_aerated_concrete,0.16,550.0,1000.0,0.357,0.385,6.8,5.65,3.18,40.8,0.183,0.14,12.7,71.3,217.9,8.2,723.3,15.02
autoclaved_aerated_concrete,0.16,550.0,1000.0,0.101,0.282,6.54,9.46,4.35,345.3,0.103,0.36,40.5,81.4,948.4,2.4,602.5,30.98
eps_insulated_concrete,0.038,1250.0,1100.0,0.264,0.193,3.05,9.23,2.79,127.6,0.02,0.22,-19.1,51.1,253.7,4.0,804.7,5.85
autoclaved_aerated_concrete,0.16,550.0,1000.0,0.485,0.16,7.24,5.62,3.17,321.2,0.107,0.14,44.3,62.5,539.4,4.4,913.8,34.03
stabilized_earth_block,0.85,1800.0,880.0,0.28,0.359,4.79,4.33,2.48,142.0,0.149,0.37,-13.8,25.9,579.3,17.0,711.6,14.49
eps_insulated_concrete,0.038,1250.0,1100.0,0.345,0.239,9.14,3.89,3.98,280.9,0.08,0.3,26.9,76.1,231.4,24.0,932.9,29.8
autoclaved_aerated_concrete,0.16,550.0,1000.0,0.178,0.24,9.91,4.66,3.82,123.2,0.195,0.31,5.4,33.2,585.9,19.3,704.1,9.05
autoclaved_aerated_concrete,0.16,550.0,1000.0,0.465,0.14,5.53,3.81,2.95,252.3,0.133,0.2,8.2,72.6,203.1,18.5,856.7,10.14
autoclaved_aerated_concrete,0.16,550.0,1000.0,0.596,0.269,8.71,4.61,2.68,13.8,0.198,0.38,4.8,59.3,190.9,2.2,771.1,28.48
burnt_clay_brick,0.77,1900.0,840.0,0.45,0.394,5.0,5.98,2.53,153.7,0.01,0.09,0.5,85.4,811.6,6.9,975.9,23.17
autoclaved_aerated_concrete,0.16,550.0,1000.0,0.12,0.097,9.7,4.48,3.39,327.1,0.02,0.11,41.4,39.1,404.4,3.3,605.7,35.12
timber_frame,0.13,500.0,1600.0,0.485,0.122,6.25,8.67,3.96,212.0,0.121,0.13,-5.7,56.7,187.2,3.6,864.4,18.29
timber_frame,0.13,500.0,1600.0,0.16,0.268,11.21,7.58,2.8,253.7,0.185,0.08,13.3,37.4,825.4,24.8,684.8,17.12
polyurethane_sandwich,0.022,40.0,1400.0,0.177,0.121,6.76,7.98,4.27,273.4,0.169,0.25,-0.7,39.3,729.9,3.8,783.2,24.13
eps_insulated_concrete,0.038,1250.0,1100.0,0.31,0.378,7.53,3.15,3.66,250.8,0.026,0.07,14.6,73.6,793.8,18.8,766.9,17.78
polyurethane_sandwich,0.022,40.0,1400.0,0.366,0.244,3.67,6.06,3.47,202.5,0.078,0.26,-10.5,10.3,671.9,15.2,603.7,21.09
timber_frame,0.13,500.0,1600.0,0.328,0.306,7.73,5.12,2.86,255.0,0.11,0.11,-21.8,29.1,139.1,4.6,971.1,-0.51
autoclaved_aerated_concrete,0.16,550.0,1000.0,0.235,0.333,8.78,4.74,4.13,192.5,0.0,0.17,17.4,39.5,183.2,17.9,830.7,20.7
polyurethane_sandwich,0.022,40.0,1400.0,0.167,0.367,5.65,9.9,3.71,3.7,0.071,0.31,-5.4,30.5,115.6,16.8,964.6,17.24
timber_frame,0.13,500.0,1600.0,0.153,0.319,6.44,7.58,4.23,228.3,0.11,0.34,-9.6,31.5,681.7,20.4,916.2,16.31
autoclaved_aerated_concrete,0.16,550.0,1000.0,0.323,0.314,6.91,4.04,3.41,178.5,0.092,0.34,-12.7,55.6,1043.4,5.3,718.5,21.94
burnt_clay_brick,0.77,1900.0,840.0,0.181,0.137,6.55,7.25,2.55,25.9,0.049,0.37,42.9,18.0,626.8,18.4,939.4,35.56
timber_frame,0.13,500.0,1600.0,0.15,0.203,3.99,3.09,4.14,336.5,0.026,0.32,-6.3,85.1,699.6,20.0,603.9,12.38
stabilized_earth_block,0.85,1800.0,880.0,0.371,0.342,10.67,3.59,2.69,273.5,0.178,0.34,-3.5,48.3,343.8,14.0,712.3,19.75
timber_frame,0.13,500.0,1600.0,0.162,0.344,3.93,5.08,3.47,301.1,0.028,0.37,-23.3,44.2,247.4,16.7,694.9,-6.69
polyurethane_sandwich,0.022,40.0,1400.0,0.292,0.363,10.41,3.79,2.76,39.6,0.02,0.38,0.0,59.3,218.4,23.2,986.3,23.6
stabilized_earth_block,0.85,1800.0,880.0,0.402,0.137,7.77,7.2,3.83,54.1,0.133,0.16,32.2,37.9,203.9,23.0,877.9,20.67
burnt_clay_brick,0.77,1900.0,840.0,0.505,0.308,3.69,3.02,4.36,53.5,0.131,0.16,2.3,67.7,885.5,12.5,628.3,25.7
timber_frame,0.13,500.0,1600.0,0.314,0.313,4.3,5.26,2.67,276.3,0.071,0.22,8.7,87.8,701.7,16.3,658.1,11.46
polyurethane_sandwich,0.022,40.0,1400.0,0.561,0.203,7.94,6.77,3.43,193.0,0.046,0.08,25.0,52.2,876.6,20.5,692.1,31.35
stabilized_earth_block,0.85,1800.0,880.0,0.218,0.081,11.95,3.12,3.57,344.7,0.184,0.07,-0.5,77.9,966.8,20.7,723.8,23.83
autoclaved_aerated_concrete,0.16,550.0,1000.0,0.518,0.256,11.38,5.95,2.84,80.9,0.149,0.09,23.7,21.4,833.1,17.7,778.4,27.31
stabilized_earth_block,0.85,1800.0,880.0,0.451,0.292,3.66,8.86,4.23,10.9,0.073,0.08,-19.6,55.5,913.7,4.6,676.6,2.67
polyurethane_sandwich,0.022,40.0,1400.0,0.17,0.249,11.54,6.29,3.92,159.8,0.129,0.05,-17.2,14.8,742.5,15.5,672.9,13.94
autoclaved_aerated_concrete,0.16,550.0,1000.0,0.105,0.346,9.12,9.13,3.56,298.6,0.184,0.23,24.7,43.9,256.8,24.4,819.0,26.54
autoclaved_aerated_concrete,0.16,550.0,1000.0,0.472,0.208,3.5,5.75,4.13,351.4,0.121,0.08,23.5,48.2,752.7,10.7,759.8,27.31
stabilized_earth_block,0.85,1800.0,880.0,0.502,0.287,4.75,3.76,2.56,217.1,0.169,0.06,-5.2,53.3,165.3,15.3,917.7,19.39
burnt_clay_brick,0.77,1900.0,840.0,0.194,0.145,11.36,4.68,2.58,205.2,0.009,0.4,8.9,13.8,193.2,8.4,1011.8,11.95
burnt_clay_brick,0.77,1900.0,840.0,0.579,0.24,5.83,5.73,3.15,46.6,0.135,0.17,37.8,50.3,602.2,19.6,609.9,26.9
eps_insulated_concrete,0.038,1250.0,1100.0,0.338,0.358,3.34,4.13,3.83,28.4,0.125,0.38,-8.8,27.3,781.5,4.4,901.8,17.73
timber_frame,0.13,500.0,1600.0,0.358,0.313,8.86,9.51,3.12,282.7,0.068,0.18,34.9,44.5,990.7,19.6,762.8,25.61
autoclaved_aerated_concrete,0.16,550.0,1000.0,0.599,0.274,11.62,6.97,4.49,35.1,0.003,0.32,-3.3,79.4,897.4,22.5,809.5,19.14
eps_insulated_concrete,0.038,1250.0,1100.0,0.257,0.379,4.45,4.96,3.16,32.1,0.036,0.32,-6.9,47.9,356.0,22.0,873.1,16.64
autoclaved_aerated_concrete,0.16,550.0,1000.0,0.57,0.391,7.39,5.54,3.0,147.3,0.124,0.29,5.9,51.0,724.6,8.5,635.1,11.38
eps_insulated_concrete,0.038,1250.0,1100.0,0.353,0.164,10.88,7.78,3.7,231.8,0.148,0.14,32.5,10.6,953.1,8.0,666.4,23.93
eps_insulated_concrete,0.038,1250.0,1100.0,0.527,0.151,10.87,7.68,3.13,168.7,0.107,0.34,-17.4,24.4,208.3,24.0,766.7,10.71
eps_insulated_concrete,0.038,1250.0,1100.0,0.2,0.185,5.86,9.98,3.42,252.8,0.095,0.15,-22.3,22.5,570.0,16.4,734.5,2.52
stabilized_earth_block,0.85,1800.0,880.0,0.594,0.328,3.56,8.66,4.06,352.3,0.043,0.12,-23.4,70.7,522.9,7.0,674.0,-3.56
autoclaved_aerated_concrete,0.16,550.0,1000.0,0.135,0.21,5.69,7.99,4.23,188.9,0.134,0.14,33.1,17.4,1001.6,9.2,916.3,30.23
autoclaved_aerated_concrete,0.16,550.0,1000.0,0.199,0.381,7.33,6.75,4.05,347.6,0.087,0.37,14.9,75.8,660.9,22.5,683.4,16.62
polyurethane_sandwich,0.022,40.0,1400.0,0.434,0.277,5.91,9.9,4.37,267.4,0.147,0.16,-14.5,46.7,247.5,21.7,647.7,10.46
polyurethane_sandwich,0.022,40.0,1400.0,0.303,0.247,3.03,6.15,4.15,45.3,0.09,0.39,-18.2,27.5,1079.0,11.1,829.4,8.75
autoclaved_aerated_concrete,0.16,550.0,1000.0,0.4,0.149,4.89,4.34,3.83,343.8,0.074,0.18,-3.9,34.6,919.1,4.0,809.6,18.29
eps_insulated_concrete,0.038,1250.0,1100.0,0.307,0.193,10.45,5.98,4.45,120.9,0.185,0.21,1.1,54.2,262.7,11.5,719.7,26.98
polyurethane_sandwich,0.022,40.0,1400.0,0.444,0.22,5.55,7.34,4.34,308.5,0.199,0.33,-17.7,62.0,716.3,10.9,808.5,8.13
timber_frame,0.13,500.0,1600.0,0.564,0.112,7.0,7.07,2.47,104.4,0.084,0.13,6.8,40.5,295.6,12.3,652.3,8.63
eps_insulated_concrete,0.038,1250.0,1100.0,0.306,0.343,9.33,8.19,2.42,134.9,0.045,0.15,36.6,31.2,938.5,20.1,774.2,30.46
autoclaved_aerated_concrete,0.16,550.0,1000.0,0.102,0.371,3.29,3.18,4.06,302.7,0.104,0.31,-2.8,23.6,672.2,11.3,833.4,17.71
eps_insulated_concrete,0.038,1250.0,1100.0,0.196,0.286,10.46,8.61,3.61,46.4,0.127,0.39,-12.8,82.3,617.3,11.5,641.8,12.51
autoclaved_aerated_concrete,0.16,550.0,1000.0,0.352,0.282,10.06,8.9,3.72,93.7,0.111,0.38,-10.7,17.5,537.4,16.1,849.2,12.31
stabilized_earth_block,0.85,1800.0,880.0,0.409,0.254,11.75,7.0,2.45,264.3,0.197,0.27,29.4,24.9,752.5,6.3,681.4,17.98
autoclaved_aerated_concrete,0.16,550.0,1000.0,0.463,0.338,6.4,4.82,2.51,29.9,0.029,0.06,43.9,79.4,210.9,23.3,651.5,34.57
autoclaved_aerated_concrete,0.16,550.0,1000.0,0.241,0.366,3.83,6.46,3.16,301.8,0.078,0.22,-23.5,15.9,1059.2,2.8,888.7,-1.66
eps_insulated_concrete,0.038,1250.0,1100.0,0.545,0.283,7.06,4.13,3.03,325.3,0.132,0.27,34.8,19.4,442.8,9.3,1017.9,22.04
timber_frame,0.13,500.0,1600.0,0.373,0.131,9.68,9.49,2.8,10.6,0.005,0.23,-14.3,79.3,214.8,6.2,737.6,5.46
autoclaved_aerated_concrete,0.16,550.0,1000.0,0.142,0.301,4.14,4.92,2.82,33.1,0.142,0.28,7.7,74.7,536.1,23.7,987.4,9.82
burnt_clay_brick,0.77,1900.0,840.0,0.186,0.3,10.99,4.97,3.22,210.1,0.153,0.16,30.6,86.3,587.8,22.2,778.0,23.07
polyurethane_sandwich,0.022,40.0,1400.0,0.236,0.182,3.97,5.68,2.82,127.0,0.18,0.34,6.5,81.2,1058.1,7.1,772.1,12.13
timber_frame,0.13,500.0,1600.0,0.513,0.286,11.69,5.47,2.46,64.8,0.065,0.33,0.0,15.8,757.0,9.9,927.4,23.99
stabilized_earth_block,0.85,1800.0,880.0,0.105,0.3,9.45,4.5,3.59,115.8,0.047,0.07,-5.1,27.0,317.5,14.5,900.8,11.67
polyurethane_sandwich,0.022,40.0,1400.0,0.137,0.366,6.8,8.29,3.07,115.2,0.039,0.33,9.9,89.2,521.2,4.0,671.9,13.37
burnt_clay_brick,0.77,1900.0,840.0,0.396,0.156,3.19,3.12,4.04,207.3,0.001,0.21,-15.8,87.3,137.0,13.8,821.6,-3.45
burnt_clay_brick,0.77,1900.0,840.0,0.422,0.102,3.86,8.62,3.92,98.9,0.151,0.19,14.0,35.1,712.3,10.4,892.5,17.24
eps_insulated_concrete,0.038,1250.0,1100.0,0.347,0.285,11.19,8.9,4.37,37.0,0.045,0.34,-15.3,89.5,961.4,18.4,695.1,10.84
stabilized_earth_block,0.85,1800.0,880.0,0.196,0.369,6.32,9.32,4.48,336.3,0.174,0.14,29.9,18.9,1047.1,2.8,738.3,19.22
timber_frame,0.13,500.0,1600.0,0.496,0.201,9.29,9.47,3.63,43.2,0.064,0.1,15.9,78.0,995.5,16.3,880.7,19.18
timber_frame,0.13,500.0,1600.0,0.364,0.265,8.95,9.83,3.08,263.1,0.045,0.14,-4.3,16.6,658.5,21.9,877.0,17.6
polyurethane_sandwich,0.022,40.0,1400.0,0.528,0.302,3.68,6.46,2.85,241.4,0.094,0.18,9.1,37.2,914.0,19.3,815.8,13.61
burnt_clay_brick,0.77,1900.0,840.0,0.48,0.18,7.09,4.08,3.46,329.1,0.044,0.18,43.3,79.4,613.5,19.7,678.9,35.2
burnt_clay_brick,0.77,1900.0,840.0,0.312,0.3,11.56,7.04,2.61,165.9,0.021,0.09,-23.8,46.9,366.8,12.4,823.0,-5.32
burnt_clay_brick,0.77,1900.0,840.0,0.233,0.377,3.76,6.02,2.72,180.8,0.102,0.07,-5.9,17.8,748.6,18.6,777.5,22.84
burnt_clay_brick,0.77,1900.0,840.0,0.195,0.137,5.48,7.25,3.49,39.3,0.01,0.14,-17.2,19.2,995.1,14.8,700.3,-4.97
timber_frame,0.13,500.0,1600.0,0.151,0.152,8.58,8.01,3.22,36.5,0.147,0.36,-6.2,26.5,885.7,9.3,721.0,17.61
timber_frame,0.13,500.0,1600.0,0.244,0.081,4.67,9.35,3.71,266.1,0.171,0.29,-13.1,64.5,266.6,9.0,791.2,9.23
stabilized_earth_block,0.85,1800.0,880.0,0.433,0.217,3.19,9.82,4.25,61.5,0.152,0.05,-0.3,47.9,101.0,22.0,798.5,21.59
stabilized_earth_block,0.85,1800.0,880.0,0.509,0.262,11.91,8.85,3.5,60.2,0.029,0.08,-3.7,68.9,552.6,18.6,1015.7,13.6
burnt_clay_brick,0.77,1900.0,840.0,0.432,0.161,7.13,8.79,3.03,120.1,0.104,0.28,35.6,77.5,584.4,7.5,818.1,27.53
polyurethane_sandwich,0.022,40.0,1400.0,0.11,0.393,10.71,7.62,2.7,179.2,0.049,0.31,43.1,38.8,844.4,5.7,1001.0,39.25
polyurethane_sandwich,0.022,40.0,1400.0,0.154,0.168,8.64,6.81,4.32,355.4,0.175,0.11,38.7,37.9,431.2,15.1,997.0,26.42
burnt_clay_brick,0.77,1900.0,840.0,0.255,0.093,7.68,5.4,3.69,156.0,0.091,0.39,30.5,33.1,1069.5,13.0,887.9,28.6
eps_insulated_concrete,0.038,1250.0,1100.0,0.44,0.247,5.61,6.91,2.74,175.3,0.013,0.15,6.8,27.4,925.5,4.0,805.1,14.44
stabilized_earth_block,0.85,1800.0,880.0,0.315,0.291,3.01,4.76,3.14,102.0,0.172,0.28,28.8,22.4,186.0,7.5,1018.3,16.53
autoclaved_aerated_concrete,0.16,550.0,1000.0,0.316,0.374,5.62,3.22,4.36,89.5,0.136,0.19,2.9,82.3,993.0,23.1,850.8,26.82
autoclaved_aerated_concrete,0.16,550.0,1000.0,0.382,0.297,5.9,7.05,3.83,71.8,0.027,0.24,-3.9,16.8,666.7,16.1,829.2,16.62
eps_insulated_concrete,0.038,1250.0,1100.0,0.491,0.347,3.86,6.69,3.86,181.4,0.137,0.18,-0.2,47.3,1061.4,12.1,983.3,39.21
stabilized_earth_block,0.85,1800.0,880.0,0.579,0.215,9.8,7.31,3.04,87.4,0.102,0.09,13.0,55.2,393.3,19.1,764.9,15.4
eps_insulated_concrete,0.038,1250.0,1100.0,0.435,0.228,9.87,6.63,4.16,30.5,0.054,0.4,-17.5,57.5,921.9,14.6,890.0,10.3
stabilized_earth_block,0.85,1800.0,880.0,0.161,0.267,7.6,8.02,3.87,185.9,0.112,0.39,-15.5,81.6,739.7,4.7,863.9,14.51
polyurethane_sandwich,0.022,40.0,1400.0,0.595,0.082,7.36,7.81,2.64,0.0,0.121,0.09,-18.2,26.3,573.7,21.0,786.4,7.46
stabilized_earth_block,0.85,1800.0,880.0,0.563,0.176,7.35,4.29,2.89,305.2,0.052,0.26,5.7,62.7,223.2,4.5,609.1,7.81
autoclaved_aerated_concrete,0.16,550.0,1000.0,0.509,0.29,4.54,8.19,3.55,171.4,0.058,0.28,42.1,49.4,767.7,10.4,893.0,38.14
stabilized_earth_block,0.85,1800.0,880.0,0.332,0.34,4.33,4.98,2.65,140.2,0.116,0.06,20.5,62.6,544.5,22.8,749.0,24.78
autoclaved_aerated_concrete,0.16,550.0,1000.0,0.334,0.311,5.49,9.87,3.15,308.1,0.101,0.17,24.4,41.2,162.8,16.7,747.8,25.89
polyurethane_sandwich,0.022,40.0,1400.0,0.382,0.227,10.73,3.98,4.05,237.0,0.185,0.07,33.8,48.7,1062.6,15.5,675.8,23.78
polyurethane_sandwich,0.022,40.0,1400.0,0.564,0.328,7.73,3.91,3.08,343.9,0.07,0.27,3.3,13.6,952.0,4.8,640.5,30.25
stabilized_earth_block,0.85,1800.0,880.0,0.35,0.297,5.91,4.62,4.02,330.2,0.159,0.09,36.7,68.3,484.1,24.4,987.4,25.16
stabilized_earth_block,0.85,1800.0,880.0,0.406,0.117,10.62,3.51,4.0,218.4,0.168,0.37,-2.5,65.9,477.6,24.7,841.0,25.14
autoclaved_aerated_concrete,0.16,550.0,1000.0,0.198,0.237,9.11,4.58,3.96,156.3,0.106,0.33,-19.0,11.9,1059.8,3.3,614.0,14.54
autoclaved_aerated_concrete,0.16,550.0,1000.0,0.547,0.195,6.67,6.83,2.55,66.7,0.146,0.37,20.0,49.7,932.4,14.7,799.0,23.24
burnt_clay_brick,0.77,1900.0,840.0,0.278,0.368,10.68,8.61,3.32,225.2,0.175,0.25,-16.1,51.4,200.9,13.0,621.6,7.44
timber_frame,0.13,500.0,1600.0,0.265,0.152,11.47,9.46,2.93,253.2,0.014,0.36,42.8,16.0,675.4,21.5,991.4,35.48
timber_frame,0.13,500.0,1600.0,0.256,0.278,7.91,9.24,3.62,337.3,0.197,0.28,-22.7,43.7,300.5,22.3,624.9,0.45
autoclaved_aerated_concrete,0.16,550.0,1000.0,0.374,0.315,11.32,7.64,4.24,84.8,0.015,0.38,38.3,66.2,865.6,1.8,1012.0,30.41
eps_insulated_concrete,0.038,1250.0,1100.0,0.399,0.276,3.73,6.86,4.39,97.4,0.008,0.06,10.5,62.0,531.5,8.3,956.9,13.21
autoclaved_aerated_concrete,0.16,550.0,1000.0,0.111,0.098,9.96,8.68,3.52,309.7,0.136,0.31,13.7,14.2,865.7,17.7,780.5,16.02
eps_insulated_concrete,0.038,1250.0,1100.0,0.375,0.117,4.06,7.31,4.3,126.6,0.069,0.37,-8.3,17.4,110.0,10.9,916.1,17.31
timber_frame,0.13,500.0,1600.0,0.384,0.397,3.13,8.04,4.11,27.6,0.025,0.11,-21.9,38.0,755.2,6.9,722.8,0.12
timber_frame,0.13,500.0,1600.0,0.299,0.29,8.91,3.53,4.37,74.1,0.141,0.33,37.8,78.7,543.5,8.3,754.1,26.41
timber_frame,0.13,500.0,1600.0,0.246,0.289,7.74,4.87,3.87,181.2,0.011,0.37,24.4,59.7,379.8,5.9,657.6,29.04
timber_frame,0.13,500.0,1600.0,0.215,0.317,4.9,5.61,4.11,51.1,0.196,0.29,20.5,46.3,214.2,13.0,614.2,23.41
burnt_clay_brick,0.77,1900.0,840.0,0.394,0.176,11.69,3.42,4.19,138.2,0.004,0.18,6.1,28.0,479.3,16.8,823.6,10.45
polyurethane_sandwich,0.022,40.0,1400.0,0.253,0.253,6.13,3.18,3.68,321.5,0.185,0.37,31.7,57.3,857.3,9.2,948.3,18.48
eps_insulated_concrete,0.038,1250.0,1100.0,0.533,0.33,11.36,8.27,4.1,199.2,0.19,0.38,-4.9,89.3,634.8,11.2,902.1,28.9
timber_frame,0.13,500.0,1600.0,0.23,0.387,7.21,9.95,2.9,326.8,0.056,0.29,-5.8,89.9,871.3,8.1,839.9,15.51
stabilized_earth_block,0.85,1800.0,880.0,0.408,0.196,8.93,8.48,4.1,218.9,0.025,0.25,-2.5,31.2,278.8,12.1,784.8,15.49
eps_insulated_concrete,0.038,1250.0,1100.0,0.119,0.195,8.74,6.9,3.26,208.6,0.016,0.36,13.6,86.3,540.4,7.2,930.4,18.61
burnt_clay_brick,0.77,1900.0,840.0,0.535,0.121,8.67,4.03,3.7,17.8,0.023,0.06,22.9,78.8,679.9,2.0,901.3,25.31
stabilized_earth_block,0.85,1800.0,880.0,0.576,0.397,11.78,3.11,4.17,305.8,0.108,0.07,-8.6,18.7,606.9,3.7,632.5,14.83
autoclaved_aerated_concrete,0.16,550.0,1000.0,0.263,0.199,10.4,5.91,3.75,315.3,0.029,0.16,30.2,36.8,508.1,16.6,797.7,21.67
burnt_clay_brick,0.77,1900.0,840.0,0.411,0.131,3.4,9.51,4.31,9.2,0.122,0.33,10.8,72.5,608.2,15.0,744.5,13.26
autoclaved_aerated_concrete,0.16,550.0,1000.0,0.289,0.266,8.91,4.05,4.0,233.7,0.191,0.39,44.5,55.2,1097.8,16.1,908.3,36.72
timber_frame,0.13,500.0,1600.0,0.467,0.351,7.75,3.36,3.39,188.8,0.088,0.14,33.5,33.4,344.0,6.8,922.4,24.38
burnt_clay_brick,0.77,1900.0,840.0,0.215,0.181,11.75,7.85,3.33,344.7,0.082,0.08,14.2,16.1,462.3,12.6,696.7,16.14
eps_insulated_concrete,0.038,1250.0,1100.0,0.215,0.345,11.88,9.48,2.91,327.3,0.135,0.28,17.4,73.7,441.6,3.8,771.6,19.51
timber_frame,0.13,500.0,1600.0,0.592,0.264,8.69,8.41,4.29,315.5,0.003,0.09,-6.6,54.4,1030.1,18.8,653.1,17.8
stabilized_earth_block,0.85,1800.0,880.0,0.517,0.088,4.5,3.51,3.48,190.6,0.078,0.2,-16.1,65.8,341.4,8.0,741.5,8.21
burnt_clay_brick,0.77,1900.0,840.0,0.396,0.277,11.95,3.32,3.95,127.8,0.09,0.19,6.5,76.8,389.3,12.5,656.5,10.86
autoclaved_aerated_concrete,0.16,550.0,1000.0,0.462,0.269,10.38,6.57,2.72,2.8,0.119,0.29,6.7,35.6,276.7,18.3,717.3,9.21
stabilized_earth_block,0.85,1800.0,880.0,0.216,0.238,3.43,6.62,3.5,183.0,0.186,0.15,1.9,70.6,1053.5,2.0,996.9,37.22
polyurethane_sandwich,0.022,40.0,1400.0,0.205,0.246,8.18,7.31,2.61,102.5,0.024,0.15,5.7,80.8,388.5,23.0,1015.3,7.81
stabilized_earth_block,0.85,1800.0,880.0,0.562,0.293,4.27,4.45,4.16,271.8,0.005,0.37,42.2,53.2,899.0,1.2,949.7,38.31
stabilized_earth_block,0.85,1800.0,880.0,0.285,0.17,11.53,5.99,3.33,45.4,0.091,0.37,25.1,83.5,219.9,22.3,807.2,27.13
stabilized_earth_block,0.85,1800.0,880.0,0.532,0.398,9.58,3.82,3.14,28.5,0.159,0.3,-2.1,50.6,376.1,16.1,815.4,21.9
stabilized_earth_block,0.85,1800.0,880.0,0.453,0.181,11.32,6.03,4.36,285.9,0.064,0.34,21.3,80.2,135.6,16.2,603.3,24.48
autoclaved_aerated_concrete,0.16,550.0,1000.0,0.393,0.359,4.98,4.37,3.39,174.4,0.037,0.22,-15.8,60.8,188.7,13.4,903.8,6.12
autoclaved_aerated_concrete,0.16,550.0,1000.0,0.102,0.102,8.02,4.46,2.77,150.5,0.053,0.18,15.9,61.0,584.2,16.8,675.6,21.13
burnt_clay_brick,0.77,1900.0,840.0,0.52,0.36,9.01,6.43,3.72,215.2,0.109,0.15,-9.7,87.0,996.8,19.3,776.2,22.16
eps_insulated_concrete,0.038,1250.0,1100.0,0.263,0.292,4.04,6.25,3.07,40.9,0.139,0.3,29.2,48.7,904.7,12.7,773.0,17.76
autoclaved_aerated_concrete,0.16,550.0,1000.0,0.114,0.166,4.94,8.96,3.26,202.4,0.065,0.29,3.8,74.7,525.2,7.3,622.9,28.68
eps_insulated_concrete,0.038,1250.0,1100.0,0.464,0.189,10.37,5.16,3.26,206.1,0.033,0.12,18.8,85.8,713.3,8.9,854.1,23.94
stabilized_earth_block,0.85,1800.0,880.0,0.575,0.087,6.41,8.46,3.1,127.0,0.153,0.07,-21.6,26.8,635.5,24.6,952.0,6.9
eps_insulated_concrete,0.038,1250.0,1100.0,0.53,0.153,10.21,9.37,3.1,77.6,0.147,0.38,-22.5,11.6,1040.4,3.5,767.1,6.4
eps_insulated_concrete,0.038,1250.0,1100.0,0.121,0.171,3.22,7.42,3.84,12.2,0.15,0.33,1.4,42.1,918.3,22.0,962.0,25.83
stabilized_earth_block,0.85,1800.0,880.0,0.137,0.311,9.86,5.91,2.43,298.9,0.121,0.1,26.5,73.4,294.3,15.5,731.1,29.06
burnt_clay_brick,0.77,1900.0,840.0,0.313,0.318,5.72,6.21,2.61,348.9,0.115,0.18,5.1,27.8,506.3,7.7,719.5,8.04
polyurethane_sandwich,0.022,40.0,1400.0,0.367,0.158,3.15,6.48,3.23,134.2,0.109,0.09,-9.3,88.0,497.3,6.6,755.3,18.94
timber_frame,0.13,500.0,1600.0,0.154,0.179,4.29,7.41,2.58,201.9,0.042,0.38,16.5,16.7,503.2,21.1,819.8,20.65
timber_frame,0.13,500.0,1600.0,0.48,0.099,7.44,5.88,3.96,300.4,0.007,0.29,16.9,79.7,368.1,6.0,836.2,19.03
eps_insulated_concrete,0.038,1250.0,1100.0,0.373,0.18,8.87,5.25,3.89,185.2,0.172,0.4,-19.3,18.4,799.3,10.0,917.9,16.73
autoclaved_aerated_concrete,0.16,550.0,1000.0,0.36,0.119,4.78,9.09,2.64,318.8,0.099,0.27,11.7,21.2,974.2,11.0,603.9,14.78
stabilized_earth_block,0.85,1800.0,880.0,0.318,0.174,11.3,7.74,3.5,221.4,0.074,0.28,-15.1,51.9,304.5,15.7,900.1,6.93
timber_frame,0.13,500.0,1600.0,0.402,0.231,4.9,5.31,3.97,358.6,0.186,0.11,25.1,47.9,417.7,5.3,797.6,27.61
stabilized_earth_block,0.85,1800.0,880.0,0.256,0.14,9.25,6.76,3.1,22.0,0.094,0.1,-0.5,54.7,326.0,16.1,989.7,19.05
burnt_clay_brick,0.77,1900.0,840.0,0.242,0.372,6.84,8.11,3.17,276.1,0.187,0.25,19.9,26.2,692.6,3.5,690.9,22.83
autoclaved_aerated_concrete,0.16,550.0,1000.0,0.231,0.113,10.17,7.11,4.01,118.9,0.154,0.26,-5.6,74.6,971.3,17.0,798.8,22.21
autoclaved_aerated_concrete,0.16,550.0,1000.0,0.101,0.154,4.95,9.51,3.69,51.6,0.095,0.05,-19.6,87.6,237.0,20.4,778.7,-0.04
eps_insulated_concrete,0.038,1250.0,1100.0,0.264,0.24,4.06,6.92,3.19,138.8,0.095,0.16,11.5,52.5,983.3,21.2,1001.3,17.93
polyurethane_sandwich,0.022,40.0,1400.0,0.517,0.308,10.56,6.92,3.43,284.0,0.137,0.25,5.5,37.9,125.3,9.8,795.8,7.97
polyurethane_sandwich,0.022,40.0,1400.0,0.273,0.216,8.55,9.13,4.33,68.8,0.075,0.38,44.7,25.7,461.0,5.7,846.2,33.4
burnt_clay_brick,0.77,1900.0,840.0,0.147,0.198,5.28,9.45,3.67,12.1,0.055,0.22,-21.9,65.6,353.0,16.0,1007.9,-4.99
stabilized_earth_block,0.85,1800.0,880.0,0.532,0.377,11.98,7.43,3.43,170.4,0.175,0.31,31.5,13.1,128.8,22.5,664.3,19.16
polyurethane_sandwich,0.022,40.0,1400.0,0.188,0.352,3.75,8.84,2.65,159.6,0.142,0.16,35.1,32.2,952.6,16.7,909.7,29.73
burnt_clay_brick,0.77,1900.0,840.0,0.519,0.351,5.85,7.97,4.3,211.3,0.189,0.23,40.8,42.3,937.7,17.1,627.3,34.86
timber_frame,0.13,500.0,1600.0,0.174,0.165,4.55,3.31,3.68,247.9,0.082,0.27,33.9,85.3,411.2,14.5,649.4,24.68
eps_insulated_concrete,0.038,1250.0,1100.0,0.384,0.303,8.1,6.24,2.64,32.6,0.146,0.11,16.4,87.3,866.7,19.9,691.4,18.8
burnt_clay_brick,0.77,1900.0,840.0,0.33,0.361,11.49,5.15,3.83,339.4,0.173,0.31,26.7,34.8,479.3,7.9,717.2,28.82
timber_frame,0.13,500.0,1600.0,0.258,0.152,4.69,9.18,2.77,106.2,0.14,0.14,9.3,56.3,448.9,16.4,788.9,12.39
polyurethane_sandwich,0.022,40.0,1400.0,0.444,0.135,11.55,7.1,2.73,204.7,0.199,0.2,20.2,64.6,388.7,9.2,1006.8,24.13
timber_frame,0.13,500.0,1600.0,0.515,0.334,3.82,8.41,2.94,168.4,0.006,0.09,21.1,24.9,239.8,15.1,756.4,24.6
eps_insulated_concrete,0.038,1250.0,1100.0,0.429,0.368,5.9,3.73,3.15,324.4,0.032,0.22,-1.4,82.2,287.1,9.6,668.4,23.93
timber_frame,0.13,500.0,1600.0,0.193,0.087,10.28,6.2,3.61,156.6,0.08,0.34,-7.3,39.9,437.9,17.3,726.1,17.94
autoclaved_aerated_concrete,0.16,550.0,1000.0,0.482,0.368,7.56,5.95,4.03,343.4,0.08,0.06,10.9,83.8,986.6,24.2,996.0,14.29
autoclaved_aerated_concrete,0.16,550.0,1000.0,0.576,0.262,4.26,7.64,4.06,19.4,0.018,0.33,-15.1,37.7,496.0,12.1,876.6,6.52
autoclaved_aerated_concrete,0.16,550.0,1000.0,0.541,0.176,3.72,4.65,2.83,32.5,0.049,0.29,34.2,39.9,577.3,9.3,797.7,24.59
polyurethane_sandwich,0.022,40.0,1400.0,0.297,0.148,7.25,5.63,3.37,87.4,0.183,0.19,-2.7,84.8,499.9,8.9,718.9,21.98
polyurethane_sandwich,0.022,40.0,1400.0,0.465,0.216,6.54,3.5,3.43,266.6,0.117,0.13,17.6,71.4,469.1,9.2,945.8,19.93
timber_frame,0.13,500.0,1600.0,0.4,0.207,3.7,4.61,3.45,15.9,0.06,0.08,1.9,24.4,250.7,8.5,883.6,23.46
eps_insulated_concrete,0.038,1250.0,1100.0,0.117,0.387,6.8,4.14,3.83,300.3,0.093,0.08,23.0,18.1,962.5,20.3,605.1,26.09
burnt_clay_brick,0.77,1900.0,840.0,0.164,0.242,9.18,3.08,3.77,241.3,0.084,0.07,4.7,69.4,216.0,20.4,981.4,23.97
timber_frame,0.13,500.0,1600.0,0.286,0.232,6.02,6.75,3.17,282.8,0.196,0.24,1.8,64.0,250.4,9.1,992.4,25.38
timber_frame,0.13,500.0,1600.0,0.229,0.245,8.53,9.11,3.31,167.3,0.008,0.35,7.2,14.0,699.3,9.9,778.8,12.85
polyurethane_sandwich,0.022,40.0,1400.0,0.248,0.342,7.88,4.25,3.15,6.3,0.065,0.27,16.7,38.6,136.6,18.7,704.4,18.78
stabilized_earth_block,0.85,1800.0,880.0,0.367,0.12,4.3,6.45,4.27,124.3,0.092,0.27,39.3,82.3,1032.3,20.7,839.0,33.89
stabilized_earth_block,0.85,1800.0,880.0,0.138,0.199,4.32,9.84,3.74,317.5,0.076,0.39,-19.5,84.2,849.3,11.1,609.4,0.98
polyurethane_sandwich,0.022,40.0,1400.0,0.228,0.289,10.95,8.86,3.31,41.9,0.038,0.14,-3.8,51.1,954.2,6.9,935.6,21.42
burnt_clay_brick,0.77,1900.0,840.0,0.387,0.149,11.42,4.92,3.85,66.9,0.1,0.07,2.9,24.5,384.9,1.1,687.0,24.72
eps_insulated_concrete,0.038,1250.0,1100.0,0.429,0.168,7.16,8.53,3.73,35.0,0.045,0.3,-9.5,58.9,828.2,15.6,793.5,16.8
eps_insulated_concrete,0.038,1250.0,1100.0,0.417,0.185,6.5,9.51,2.43,122.6,0.069,0.21,7.3,69.4,310.6,17.7,882.7,10.33
burnt_clay_brick,0.77,1900.0,840.0,0.301,0.291,8.14,3.55,3.42,354.6,0.017,0.31,12.1,34.3,850.9,11.8,796.3,15.44
autoclaved_aerated_concrete,0.16,550.0,1000.0,0.412,0.133,6.16,6.02,4.49,8.4,0.195,0.24,9.4,28.8,1021.2,4.2,855.0,12.58
stabilized_earth_block,0.85,1800.0,880.0,0.148,0.15,11.93,7.0,2.78,57.3,0.156,0.31,3.1,42.7,851.3,11.0,851.7,26.56
burnt_clay_brick,0.77,1900.0,840.0,0.485,0.282,8.98,7.81,3.73,229.0,0.1,0.24,-9.2,42.3,856.8,7.9,988.3,19.24
autoclaved_aerated_concrete,0.16,550.0,1000.0,0.562,0.137,5.6,6.73,3.1,167.0,0.034,0.37,1.8,62.2,1074.2,10.8,867.3,38.01
timber_frame,0.13,500.0,1600.0,0.212,0.275,7.53,3.56,3.6,147.2,0.005,0.26,-13.3,60.0,784.4,23.8,609.5,12.4
timber_frame,0.13,500.0,1600.0,0.542,0.289,7.97,9.04,4.19,58.1,0.074,0.36,-12.7,85.0,1021.4,8.7,723.1,12.41
stabilized_earth_block,0.85,1800.0,880.0,0.204,0.228,5.21,7.22,4.48,286.8,0.195,0.23,-17.2,58.3,431.3,23.1,666.9,5.54
eps_insulated_concrete,0.038,1250.0,1100.0,0.461,0.102,9.74,7.77,3.25,187.1,0.094,0.18,29.8,86.6,983.4,13.9,900.6,26.23
timber_frame,0.13,500.0,1600.0,0.424,0.251,3.21,6.37,3.92,105.5,0.08,0.34,28.8,39.1,816.6,13.3,872.8,20.07
eps_insulated_concrete,0.038,1250.0,1100.0,0.494,0.113,10.62,8.31,3.62,285.0,0.144,0.18,21.0,21.4,343.1,12.6,711.1,23.16
burnt_clay_brick,0.77,1900.0,840.0,0.421,0.104,11.09,6.44,2.91,93.6,0.059,0.21,30.1,66.0,668.2,15.3,919.8,21.8
autoclaved_aerated_concrete,0.16,550.0,1000.0,0.361,0.088,10.92,6.94,3.9,110.4,0.143,0.25,-3.7,67.0,773.3,4.7,938.2,21.51
autoclaved_aerated_concrete,0.16,550.0,1000.0,0.173,0.174,6.46,7.46,2.46,76.2,0.061,0.25,-6.8,67.7,845.5,24.9,770.5,13.01
timber_frame,0.13,500.0,1600.0,0.55,0.391,8.79,7.11,3.45,188.4,0.076,0.37,20.4,79.7,582.1,12.6,759.5,25.44
polyurethane_sandwich,0.022,40.0,1400.0,0.573,0.19,5.78,4.57,2.98,280.1,0.158,0.28,-0.0,46.7,1012.7,22.8,952.8,26.52
timber_frame,0.13,500.0,1600.0,0.549,0.317,6.27,3.23,3.72,342.7,0.101,0.15,42.3,77.7,637.7,2.9,935.1,31.03
eps_insulated_concrete,0.038,1250.0,1100.0,0.383,0.159,5.3,8.18,3.85,234.3,0.049,0.29,6.9,13.2,709.1,14.2,638.4,11.26
autoclaved_aerated_concrete,0.16,550.0,1000.0,0.467,0.374,11.16,3.93,3.04,74.8,0.049,0.32,8.4,17.9,981.6,2.2,931.8,11.63
stabilized_earth_block,0.85,1800.0,880.0,0.198,0.117,3.75,4.38,3.54,77.4,0.097,0.25,15.7,78.9,211.5,22.3,926.5,18.56
autoclaved_aerated_concrete,0.16,550.0,1000.0,0.394,0.283,9.8,9.95,2.93,146.6,0.054,0.27,-2.0,48.7,383.8,16.5,711.0,21.99
timber_frame,0.13,500.0,1600.0,0.225,0.168,8.05,5.16,3.32,351.8,0.189,0.22,-2.7,87.9,570.5,4.9,627.5,21.21
eps_insulated_concrete,0.038,1250.0,1100.0,0.436,0.11,10.76,5.4,3.84,296.1,0.039,0.09,-8.8,34.6,405.4,19.4,798.2,16.77
polyurethane_sandwich,0.022,40.0,1400.0,0.25,0.275,8.14,4.08,2.73,275.9,0.157,0.35,17.7,22.6,1056.7,24.5,874.5,20.92
eps_insulated_concrete,0.038,1250.0,1100.0,0.49,0.166,11.4,6.3,4.2,109.3,0.029,0.17,-0.2,69.6,549.7,11.2,765.3,27.46
eps_insulated_concrete,0.038,1250.0,1100.0,0.103,0.381,3.5,5.86,3.76,50.4,0.091,0.15,32.3,26.2,762.1,7.1,949.7,21.66
stabilized_earth_block,0.85,1800.0,880.0,0.261,0.333,5.93,6.92,2.82,77.4,0.101,0.35,-17.5,29.5,425.5,12.5,902.9,3.46
eps_insulated_concrete,0.038,1250.0,1100.0,0.576,0.383,10.03,5.73,4.42,254.3,0.05,0.4,16.0,14.7,156.1,9.2,825.9,18.32
eps_insulated_concrete,0.038,1250.0,1100.0,0.562,0.116,4.21,8.25,3.08,279.1,0.083,0.1,-14.5,33.9,300.0,3.1,703.0,12.15
timber_frame,0.13,500.0,1600.0,0.373,0.291,8.01,8.72,3.85,50.6,0.154,0.35,23.9,69.1,1057.2,9.7,924.5,27.26
polyurethane_sandwich,0.022,40.0,1400.0,0.542,0.139,7.21,6.23,3.1,244.0,0.141,0.14,27.3,11.9,219.2,10.9,766.4,30.8
eps_insulated_concrete,0.038,1250.0,1100.0,0.499,0.346,3.54,9.93,3.18,203.7,0.199,0.39,36.1,36.2,638.8,7.8,740.2,27.05
stabilized_earth_block,0.85,1800.0,880.0,0.467,0.261,11.77,8.46,3.52,287.5,0.169,0.08,39.6,58.8,1092.9,19.0,922.2,28.52
eps_insulated_concrete,0.038,1250.0,1100.0,0.509,0.229,11.0,9.96,2.72,119.0,0.036,0.25,6.8,72.5,839.5,23.8,973.5,10.84
eps_insulated_concrete,0.038,1250.0,1100.0,0.387,0.082,10.45,3.13,2.87,153.8,0.052,0.13,22.2,36.1,557.8,17.0,923.4,26.64
timber_frame,0.13,500.0,1600.0,0.563,0.366,9.43,7.04,2.8,53.4,0.062,0.09,12.3,85.6,139.5,4.1,746.4,14.19
stabilized_earth_block,0.85,1800.0,880.0,0.264,0.181,5.07,4.46,3.04,152.7,0.054,0.38,-9.8,38.4,237.3,22.6,784.6,10.52
eps_insulated_concrete,0.038,1250.0,1100.0,0.113,0.358,10.69,4.46,2.5,157.9,0.04,0.32,16.3,20.0,1069.2,13.2,842.9,24.61
timber_frame,0.13,500.0,1600.0,0.161,0.322,4.08,6.42,3.67,269.9,0.063,0.12,44.0,74.0,459.9,7.1,647.0,34.49
eps_insulated_concrete,0.038,1250.0,1100.0,0.108,0.202,6.78,9.73,2.61,129.7,0.062,0.07,41.2,62.2,329.4,17.8,873.2,31.77
eps_insulated_concrete,0.038,1250.0,1100.0,0.538,0.085,11.68,8.11,4.28,16.3,0.169,0.11,-24.4,51.5,240.2,12.3,616.4,2.14
timber_frame,0.13,500.0,1600.0,0.501,0.357,8.95,5.6,3.27,56.7,0.034,0.38,42.6,69.4,910.3,5.4,969.2,33.62
stabilized_earth_block,0.85,1800.0,880.0,0.493,0.09,4.84,5.83,3.18,302.9,0.124,0.06,-23.2,12.3,570.5,18.6,660.6,0.3
eps_insulated_concrete,0.038,1250.0,1100.0,0.123,0.201,8.39,6.68,2.73,5.4,0.179,0.08,44.2,19.0,575.7,24.6,959.6,31.82
timber_frame,0.13,500.0,1600.0,0.32,0.354,10.28,3.01,3.4,323.8,0.051,0.16,12.8,86.6,768.4,3.3,807.0,15.02
timber_frame,0.13,500.0,1600.0,0.198,0.15,4.17,9.6,2.87,29.6,0.019,0.19,37.1,18.4,326.2,5.4,876.9,29.76
burnt_clay_brick,0.77,1900.0,840.0,0.455,0.228,8.32,6.62,4.47,96.0,0.18,0.16,1.2,21.6,836.4,21.4,914.1,27.02
eps_insulated_concrete,0.038,1250.0,1100.0,0.416,0.334,11.82,3.1,3.73,300.7,0.048,0.19,-24.2,48.5,957.7,5.5,965.2,2.59
timber_frame,0.13,500.0,1600.0,0.303,0.398,7.08,4.84,3.32,268.2,0.131,0.23,-1.4,89.7,286.3,9.2,966.2,20.89
timber_frame,0.13,500.0,1600.0,0.328,0.111,10.71,8.34,2.95,281.5,0.085,0.06,13.0,17.6,1075.1,20.9,650.5,16.22
polyurethane_sandwich,0.022,40.0,1400.0,0.248,0.359,5.76,6.05,4.47,29.9,0.173,0.23,2.8,85.3,1098.5,5.7,952.8,29.21
autoclaved_aerated_concrete,0.16,550.0,1000.0,0.488,0.144,9.7,6.68,4.04,202.6,0.106,0.07,12.3,53.2,793.7,24.9,670.0,18.36
autoclaved_aerated_concrete,0.16,550.0,1000.0,0.15,0.133,8.71,7.33,4.17,270.4,0.03,0.38,17.7,78.7,378.4,24.0,998.5,20.95
burnt_clay_brick,0.77,1900.0,840.0,0.295,0.247,6.79,6.34,3.08,259.8,0.06,0.08,24.6,63.4,308.8,18.6,849.5,26.85
stabilized_earth_block,0.85,1800.0,880.0,0.13,0.211,4.29,8.76,4.01,290.5,0.19,0.13,30.0,61.7,491.0,5.6,950.4,17.46
stabilized_earth_block,0.85,1800.0,880.0,0.213,0.384,4.26,5.81,3.92,210.9,0.134,0.12,-15.0,32.0,427.5,16.3,818.7,9.58
timber_frame,0.13,500.0,1600.0,0.151,0.281,7.24,7.62,3.03,45.0,0.149,0.21,-20.1,88.3,1010.5,9.2,714.3,3.2
stabilized_earth_block,0.85,1800.0,880.0,0.291,0.365,4.02,6.27,3.63,315.4,0.138,0.33,28.1,28.0,203.1,24.9,853.4,16.61
timber_frame,0.13,500.0,1600.0,0.533,0.157,10.65,6.46,3.87,155.7,0.011,0.09,28.9,77.4,832.4,22.7,868.9,25.96
burnt_clay_brick,0.77,1900.0,840.0,0.31,0.348,11.85,3.58,2.61,290.2,0.049,0.22,16.4,63.3,204.0,19.7,897.6,18.42
timber_frame,0.13,500.0,1600.0,0.403,0.261,8.46,9.09,3.8,15.2,0.022,0.34,20.0,17.9,194.9,24.2,700.2,22.32
timber_frame,0.13,500.0,1600.0,0.436,0.369,6.8,5.76,3.96,125.0,0.158,0.35,15.1,51.8,1040.2,20.5,863.8,20.6
eps_insulated_concrete,0.038,1250.0,1100.0,0.435,0.088,8.1,3.17,4.39,35.6,0.184,0.33,26.0,78.0,353.5,20.6,744.5,28.89
autoclaved_aerated_concrete,0.16,550.0,1000.0,0.238,0.331,5.92,7.89,3.73,276.7,0.032,0.25,35.4,61.9,840.7,19.1,928.0,28.84
autoclaved_aerated_concrete,0.16,550.0,1000.0,0.522,0.354,6.0,7.31,3.95,301.0,0.046,0.34,-17.9,67.8,739.5,8.5,808.8,4.75
autoclaved_aerated_concrete,0.16,550.0,1000.0,0.478,0.145,10.7,6.4,3.11,157.6,0.072,0.11,-13.2,11.3,289.8,8.5,812.6,11.08
polyurethane_sandwich,0.022,40.0,1400.0,0.38,0.322,7.84,5.79,3.86,71.5,0.018,0.26,36.4,42.4,363.4,18.2,823.8,25.84
eps_insulated_concrete,0.038,1250.0,1100.0,0.167,0.203,10.61,8.15,4.24,287.5,0.123,0.39,-2.3,28.0,926.1,6.9,665.1,23.07
burnt_clay_brick,0.77,1900.0,840.0,0.113,0.152,9.26,4.53,4.24,158.5,0.162,0.1,-4.2,87.2,957.5,12.6,784.4,28.39
timber_frame,0.13,500.0,1600.0,0.376,0.262,6.71,8.94,3.62,225.8,0.178,0.39,27.3,66.5,1081.9,20.3,710.7,34.04
burnt_clay_brick,0.77,1900.0,840.0,0.282,0.376,5.11,6.78,2.56,249.6,0.064,0.34,24.2,73.6,679.0,3.3,985.3,27.44
timber_frame,0.13,500.0,1600.0,0.454,0.251,3.94,8.78,2.88,125.4,0.14,0.39,32.5,27.9,369.1,21.1,793.3,22.07
eps_insulated_concrete,0.038,1250.0,1100.0,0.349,0.22,11.58,4.2,3.58,201.2,0.012,0.17,35.7,21.8,782.0,2.6,901.9,31.42
timber_frame,0.13,500.0,1600.0,0.226,0.367,3.25,7.18,3.3,275.2,0.027,0.19,21.3,34.8,797.2,8.3,697.7,24.5
timber_frame,0.13,500.0,1600.0,0.573,0.126,7.86,7.77,3.06,2.4,0.122,0.3,0.1,19.6,1077.4,15.7,822.5,26.4
polyurethane_sandwich,0.022,40.0,1400.0,0.181,0.142,11.82,8.42,4.48,300.9,0.006,0.38,26.0,36.5,194.2,10.7,894.4,28.66
polyurethane_sandwich,0.022,40.0,1400.0,0.294,0.21,9.27,3.97,3.12,34.5,0.071,0.3,36.5,50.0,284.6,10.6,695.2,25.15
polyurethane_sandwich,0.022,40.0,1400.0,0.417,0.189,9.77,6.67,2.44,218.2,0.196,0.07,1.1,23.5,1063.6,13.7,602.0,35.95
eps_insulated_concrete,0.038,1250.0,1100.0,0.253,0.336,8.11,5.62,2.55,62.1,0.127,0.22,12.5,88.1,197.0,17.4,665.0,14.98
burnt_clay_brick,0.77,1900.0,840.0,0.387,0.365,9.36,9.16,2.77,53.6,0.164,0.06,-22.3,53.0,1058.0,23.6,939.0,2.5
burnt_clay_brick,0.77,1900.0,840.0,0.568,0.114,9.15,7.13,2.75,35.9,0.039,0.1,17.9,37.0,554.7,16.8,949.3,20.54
eps_insulated_concrete,0.038,1250.0,1100.0,0.572,0.294,3.59,4.72,2.7,345.7,0.098,0.33,-22.1,14.7,1082.3,12.5,954.3,7.2
polyurethane_sandwich,0.022,40.0,1400.0,0.454,0.348,3.89,6.64,3.79,115.4,0.105,0.25,12.2,41.5,646.4,5.8,734.5,15.43
eps_insulated_concrete,0.038,1250.0,1100.0,0.482,0.174,8.64,5.83,3.19,176.6,0.098,0.16,8.9,41.1,597.6,19.9,720.6,14.27
polyurethane_sandwich,0.022,40.0,1400.0,0.449,0.249,3.37,9.63,3.04,211.5,0.18,0.24,19.9,69.1,634.3,2.1,727.2,24.77
autoclaved_aerated_concrete,0.16,550.0,1000.0,0.276,0.252,10.41,7.79,3.31,183.0,0.17,0.23,22.7,13.6,314.5,12.0,678.0,26.46
autoclaved_aerated_concrete,0.16,550.0,1000.0,0.456,0.103,4.83,4.45,3.74,5.6,0.184,0.12,23.3,83.9,104.7,6.8,941.7,25.92
burnt_clay_brick,0.77,1900.0,840.0,0.592,0.396,10.44,5.6,4.16,16.1,0.028,0.14,21.8,80.6,522.8,14.7,962.8,24.44
polyurethane_sandwich,0.022,40.0,1400.0,0.255,0.381,8.88,9.4,3.26,3.7,0.165,0.18,34.0,25.2,879.2,7.1,604.4,21.77
polyurethane_sandwich,0.022,40.0,1400.0,0.298,0.303,7.04,7.64,2.87,229.5,0.023,0.37,9.2,24.7,427.4,23.6,707.7,12.3
polyurethane_sandwich,0.022,40.0,1400.0,0.458,0.302,5.56,5.01,4.2,94.1,0.152,0.19,37.0,26.2,186.5,21.3,684.3,23.8
timber_frame,0.13,500.0,1600.0,0.598,0.23,3.98,4.6,4.15,66.4,0.153,0.33,-8.1,59.2,538.1,4.4,850.7,17.19
stabilized_earth_block,0.85,1800.0,880.0,0.431,0.241,11.77,8.38,3.92,15.8,0.003,0.1,35.2,30.1,275.5,12.1,978.7,31.45
stabilized_earth_block,0.85,1800.0,880.0,0.296,0.129,5.63,3.45,2.79,70.0,0.132,0.2,36.0,15.6,345.8,13.7,833.9,24.79
autoclaved_aerated_concrete,0.16,550.0,1000.0,0.374,0.182,4.0,3.46,3.49,6.3,0.144,0.3,-2.5,13.1,1001.5,17.4,602.5,22.11
stabilized_earth_block,0.85,1800.0,880.0,0.381,0.34,9.92,3.84,2.87,226.2,0.113,0.08,20.4,82.9,1037.2,16.5,718.6,26.23
timber_frame,0.13,500.0,1600.0,0.293,0.371,5.14,6.43,2.93,352.8,0.127,0.22,37.9,46.3,979.4,6.4,720.5,28.08
polyurethane_sandwich,0.022,40.0,1400.0,0.187,0.39,11.99,9.17,3.17,7.5,0.161,0.1,7.2,66.9,641.5,6.4,768.9,9.84
polyurethane_sandwich,0.022,40.0,1400.0,0.276,0.381,6.79,5.92,3.94,159.8,0.078,0.18,-2.2,41.9,823.3,5.9,691.1,31.2
autoclaved_aerated_concrete,0.16,550.0,1000.0,0.384,0.383,9.56,8.49,3.16,166.8,0.172,0.33,1.2,34.6,492.8,12.3,828.0,30.31
eps_insulated_concrete,0.038,1250.0,1100.0,0.25,0.347,9.97,7.37,2.51,78.2,0.11,0.1,1.9,51.4,280.3,11.6,891.5,26.0
eps_insulated_concrete,0.038,1250.0,1100.0,0.384,0.135,11.85,7.76,4.02,230.8,0.115,0.33,-14.5,35.3,345.7,18.7,920.3,12.92
eps_insulated_concrete,0.038,1250.0,1100.0,0.258,0.379,8.51,8.15,4.24,243.4,0.157,0.08,-24.4,79.0,152.8,21.5,731.6,0.22
burnt_clay_brick,0.77,1900.0,840.0,0.202,0.128,4.92,8.88,3.16,327.3,0.117,0.34,8.3,66.3,389.7,3.4,836.0,11.19
autoclaved_aerated_concrete,0.16,550.0,1000.0,0.182,0.118,11.19,5.87,3.58,226.3,0.14,0.15,34.4,30.0,213.4,23.7,981.9,23.07
stabilized_earth_block,0.85,1800.0,880.0,0.478,0.123,6.43,5.66,2.76,7.2,0.138,0.34,40.2,56.8,281.8,22.5,1007.5,28.84
polyurethane_sandwich,0.022,40.0,1400.0,0.383,0.363,11.89,9.21,2.54,48.6,0.06,0.19,-14.5,89.4,891.0,17.1,1003.9,11.16
burnt_clay_brick,0.77,1900.0,840.0,0.246,0.334,10.08,5.48,4.47,178.1,0.124,0.26,44.4,39.2,352.7,13.3,1012.5,36.61
stabilized_earth_block,0.85,1800.0,880.0,0.345,0.37,3.47,4.67,3.04,161.6,0.087,0.06,27.5,70.8,558.1,2.9,831.5,31.62
autoclaved_aerated_concrete,0.16,550.0,1000.0,0.536,0.376,3.1,7.02,3.04,71.9,0.094,0.19,23.7,31.6,475.1,9.8,815.3,26.0
eps_insulated_concrete,0.038,1250.0,1100.0,0.304,0.189,11.49,8.03,3.56,176.0,0.053,0.37,39.3,16.8,766.2,8.6,813.7,35.03
stabilized_earth_block,0.85,1800.0,880.0,0.112,0.121,9.86,4.7,2.77,23.4,0.114,0.13,-18.9,16.0,823.1,18.7,743.3,3.0
timber_frame,0.13,500.0,1600.0,0.135,0.266,11.69,9.78,3.73,119.1,0.133,0.26,-21.1,21.1,1018.0,23.2,677.9,6.05
polyurethane_sandwich,0.022,40.0,1400.0,0.576,0.081,10.12,4.63,2.5,28.6,0.064,0.24,8.3,25.8,1087.9,15.5,678.1,11.3
burnt_clay_brick,0.77,1900.0,840.0,0.466,0.269,10.75,6.1,3.47,28.6,0.195,0.14,36.5,56.0,289.3,4.0,919.9,24.47
autoclaved_aerated_concrete,0.16,550.0,1000.0,0.194,0.183,11.93,4.14,3.73,213.2,0.12,0.23,-5.0,44.1,924.5,18.7,822.8,25.07
polyurethane_sandwich,0.022,40.0,1400.0,0.545,0.299,5.53,4.13,2.53,177.8,0.181,0.07,27.9,44.4,774.0,22.6,787.3,33.02
polyurethane_sandwich,0.022,40.0,1400.0,0.437,0.182,9.94,9.4,3.87,218.0,0.192,0.25,25.9,35.5,458.1,20.5,755.6,30.11
burnt_clay_brick,0.77,1900.0,840.0,0.482,0.18,11.99,4.33,3.63,15.4,0.071,0.21,7.3,83.9,946.5,24.3,794.7,10.15
eps_insulated_concrete,0.038,1250.0,1100.0,0.326,0.125,9.75,5.94,2.45,50.2,0.063,0.4,19.3,42.0,114.0,20.0,877.9,21.03
autoclaved_aerated_concrete,0.16,550.0,1000.0,0.176,0.383,4.95,3.11,3.39,97.5,0.04,0.22,-13.9,76.4,953.8,7.7,679.8,5.82
timber_frame,0.13,500.0,1600.0,0.462,0.219,11.53,4.12,4.44,21.5,0.192,0.07,-2.4,48.1,389.3,6.6,996.2,21.88
autoclaved_aerated_concrete,0.16,550.0,1000.0,0.308,0.084,5.77,4.11,3.72,246.3,0.086,0.09,-15.9,32.6,824.8,20.4,962.9,8.29
burnt_clay_brick,0.77,1900.0,840.0,0.383,0.232,3.16,5.59,2.92,340.0,0.138,0.37,38.2,60.7,1001.8,12.4,717.8,27.67
burnt_clay_brick,0.77,1900.0,840.0,0.389,0.186,4.75,3.89,3.08,227.8,0.194,0.13,16.5,29.0,919.7,12.7,797.3,22.14
stabilized_earth_block,0.85,1800.0,880.0,0.257,0.362,6.46,4.04,3.08,190.5,0.093,0.37,41.3,68.2,166.9,10.3,681.1,32.66
burnt_clay_brick,0.77,1900.0,840.0,0.456,0.196,10.0,6.32,2.87,1.1,0.071,0.27,14.3,72.7,1056.7,12.6,732.0,17.46
timber_frame,0.13,500.0,1600.0,0.2,0.339,4.69,9.47,3.67,106.4,0.012,0.36,11.6,50.3,348.2,10.0,894.3,14.92
stabilized_earth_block,0.85,1800.0,880.0,0.249,0.145,5.66,3.2,3.75,151.7,0.074,0.32,44.5,45.7,482.0,4.8,786.5,38.29
burnt_clay_brick,0.77,1900.0,840.0,0.154,0.168,5.48,7.94,3.35,58.6,0.026,0.38,-16.3,79.4,652.6,9.9,732.4,-2.51
polyurethane_sandwich,0.022,40.0,1400.0,0.288,0.088,6.91,5.27,2.77,220.7,0.152,0.28,-2.3,70.5,139.4,13.3,903.6,22.32
polyurethane_sandwich,0.022,40.0,1400.0,0.166,0.1,3.61,4.06,3.5,338.4,0.047,0.31,43.1,37.1,512.6,19.0,806.8,32.52
timber_frame,0.13,500.0,1600.0,0.131,0.213,10.11,7.86,3.55,32.2,0.041,0.11,28.4,79.5,327.4,2.4,887.1,20.06
stabilized_earth_block,0.85,1800.0,880.0,0.126,0.35,5.03,3.3,2.86,83.8,0.031,0.35,10.0,35.8,856.0,17.1,608.1,12.91
burnt_clay_brick,0.77,1900.0,840.0,0.346,0.294,9.27,6.85,2.48,212.3,0.042,0.25,-24.5,66.1,681.6,9.8,977.4,0.01
autoclaved_aerated_concrete,0.16,550.0,1000.0,0.299,0.129,3.07,7.39,3.71,95.6,0.075,0.19,33.4,70.3,356.3,5.7,977.1,22.73
eps_insulated_concrete,0.038,1250.0,1100.0,0.16,0.171,3.26,7.22,3.77,184.2,0.081,0.11,-22.1,74.4,842.8,22.0,684.1,10.96
timber_frame,0.13,500.0,1600.0,0.468,0.176,9.21,4.5,3.65,109.2,0.093,0.28,-8.9,81.2,943.6,6.2,610.0,17.48
stabilized_earth_block,0.85,1800.0,880.0,0.208,0.138,6.01,6.5,3.91,259.2,0.092,0.19,27.8,83.7,580.2,15.3,933.9,30.88
polyurethane_sandwich,0.022,40.0,1400.0,0.529,0.16,8.55,9.19,4.19,222.9,0.171,0.38,40.1,34.3,481.4,14.6,667.0,29.43
stabilized_earth_block,0.85,1800.0,880.0,0.284,0.287,11.74,8.19,3.18,100.8,0.131,0.15,-22.6,19.6,241.8,12.0,991.5,-0.99
autoclaved_aerated_concrete,0.16,550.0,1000.0,0.16,0.284,11.57,8.55,4.25,335.5,0.035,0.09,25.7,46.4,986.4,17.7,714.7,28.96
stabilized_earth_block,0.85,1800.0,880.0,0.451,0.234,9.58,4.07,2.54,244.1,0.006,0.22,33.1,43.0,1072.9,14.8,618.5,31.9
stabilized_earth_block,0.85,1800.0,880.0,0.58,0.36,9.39,8.03,2.83,96.2,0.134,0.39,-11.8,65.2,910.4,24.9,618.5,13.69
timber_frame,0.13,500.0,1600.0,0.518,0.219,11.57,6.42,2.89,305.4,0.009,0.18,16.9,46.5,572.5,4.9,876.6,20.06
burnt_clay_brick,0.77,1900.0,840.0,0.463,0.253,5.89,7.48,3.25,208.9,0.074,0.39,28.7,21.8,772.7,22.3,883.8,25.26
eps_insulated_concrete,0.038,1250.0,1100.0,0.28,0.218,8.42,9.19,3.1,129.1,0.093,0.31,35.3,23.1,142.8,13.2,961.1,24.1
polyurethane_sandwich,0.022,40.0,1400.0,0.173,0.189,8.69,8.21,4.19,206.5,0.195,0.33,32.7,41.7,923.4,22.1,1016.0,26.26
timber_frame,0.13,500.0,1600.0,0.121,0.113,3.04,9.54,3.8,59.3,0.045,0.3,-1.6,19.4,831.9,20.1,830.3,18.1
eps_insulated_concrete,0.038,1250.0,1100.0,0.362,0.342,4.97,5.46,3.26,270.6,0.021,0.27,6.8,76.7,995.2,5.5,600.3,9.66
timber_frame,0.13,500.0,1600.0,0.5,0.238,11.24,7.86,3.04,272.1,0.061,0.12,19.7,86.1,291.0,1.4,724.2,22.73
autoclaved_aerated_concrete,0.16,550.0,1000.0,0.193,0.328,3.64,4.77,4.4,151.9,0.072,0.19,23.8,34.0,487.7,6.0,780.0,28.14
timber_frame,0.13,500.0,1600.0,0.56,0.283,8.34,7.75,4.45,180.0,0.07,0.14,8.2,73.8,852.9,19.5,777.5,14.19
timber_frame,0.13,500.0,1600.0,0.41,0.192,11.74,6.43,2.46,13.9,0.097,0.37,8.2,53.5,183.0,18.4,900.6,10.47
stabilized_earth_block,0.85,1800.0,880.0,0.327,0.32,5.17,9.89,2.47,111.5,0.155,0.35,-9.8,42.8,110.3,4.1,962.3,12.17
stabilized_earth_block,0.85,1800.0,880.0,0.568,0.222,7.52,6.24,3.86,139.7,0.185,0.28,-21.6,56.9,798.2,12.8,978.9,10.64
burnt_clay_brick,0.77,1900.0,840.0,0.527,0.093,8.41,5.99,3.84,348.7,0.015,0.22,-7.6,41.0,844.5,16.7,674.2,9.63
eps_insulated_concrete,0.038,1250.0,1100.0,0.122,0.138,6.06,7.78,4.18,82.3,0.089,0.3,38.8,18.1,239.2,18.8,997.6,27.47
timber_frame,0.13,500.0,1600.0,0.112,0.239,10.15,6.01,3.89,323.2,0.074,0.24,4.3,12.7,536.3,17.8,628.1,23.29
stabilized_earth_block,0.85,1800.0,880.0,0.231,0.384,6.22,5.81,4.33,326.4,0.175,0.09,-13.7,55.6,764.6,11.7,1018.5,9.59
burnt_clay_brick,0.77,1900.0,840.0,0.379,0.233,11.74,7.59,3.62,41.7,0.008,0.12,-4.0,69.7,490.7,9.9,814.3,8.46
stabilized_earth_block,0.85,1800.0,880.0,0.156,0.293,8.27,3.06,4.25,49.3,0.184,0.35,31.1,25.1,574.8,12.5,641.6,18.61
eps_insulated_concrete,0.038,1250.0,1100.0,0.377,0.281,10.73,3.5,3.8,308.8,0.029,0.32,8.4,89.2,172.6,5.0,863.3,10.9
eps_insulated_concrete,0.038,1250.0,1100.0,0.52,0.196,5.03,4.84,2.53,155.5,0.174,0.32,-23.1,63.7,1030.8,10.4,854.7,15.92
autoclaved_aerated_concrete,0.16,550.0,1000.0,0.474,0.121,8.53,8.53,4.27,232.6,0.151,0.11,16.9,33.0,873.1,11.4,613.0,21.87
stabilized_earth_block,0.85,1800.0,880.0,0.381,0.305,9.99,8.41,2.48,99.9,0.056,0.28,44.1,37.3,936.3,15.5,986.1,36.36
eps_insulated_concrete,0.038,1250.0,1100.0,0.356,0.204,10.84,7.82,3.86,332.4,0.121,0.28,15.2,47.5,191.0,12.8,743.8,17.4
timber_frame,0.13,500.0,1600.0,0.408,0.1,8.66,9.54,4.24,214.0,0.046,0.37,-2.3,29.2,291.3,24.3,680.6,21.92
burnt_clay_brick,0.77,1900.0,840.0,0.359,0.212,5.38,5.97,3.78,276.6,0.178,0.1,28.9,33.6,787.1,9.7,828.0,16.88
burnt_clay_brick,0.77,1900.0,840.0,0.202,0.228,7.68,3.82,3.92,104.9,0.049,0.26,19.3,37.0,987.3,20.4,757.5,23.34
eps_insulated_concrete,0.038,1250.0,1100.0,0.342,0.167,8.11,6.76,2.71,218.2,0.051,0.39,31.9,88.7,103.3,5.5,992.3,21.3
eps_insulated_concrete,0.038,1250.0,1100.0,0.327,0.397,8.25,4.94,3.59,71.7,0.01,0.2,43.7,57.6,576.4,10.3,650.2,33.67
autoclaved_aerated_concrete,0.16,550.0,1000.0,0.161,0.323,11.95,3.29,2.55,38.7,0.107,0.09,-18.3,69.4,523.3,2.0,877.3,2.73
stabilized_earth_block,0.85,1800.0,880.0,0.105,0.188,8.62,4.94,3.3,83.0,0.124,0.25,-6.3,54.2,940.8,4.6,832.6,15.82
burnt_clay_brick,0.77,1900.0,840.0,0.481,0.135,11.7,5.68,3.54,6.3,0.032,0.25,18.0,87.9,909.6,4.0,703.4,20.21
eps_insulated_concrete,0.038,1250.0,1100.0,0.21,0.227,4.49,4.21,2.86,38.7,0.048,0.16,15.6,58.0,486.7,6.1,642.2,18.03
stabilized_earth_block,0.85,1800.0,880.0,0.304,0.222,4.35,9.22,4.19,270.2,0.005,0.32,-10.6,63.9,536.7,22.0,743.8,0.68
stabilized_earth_block,0.85,1800.0,880.0,0.35,0.277,10.54,7.25,3.18,253.2,0.12,0.29,1.4,73.0,307.1,8.5,770.1,23.08
autoclaved_aerated_concrete,0.16,550.0,1000.0,0.457,0.368,6.41,9.14,4.42,247.1,0.113,0.28,-20.5,67.0,121.9,14.7,751.0,1.74
stabilized_earth_block,0.85,1800.0,880.0,0.345,0.312,11.18,3.63,2.94,82.3,0.073,0.4,8.5,23.5,953.6,16.5,851.6,12.36
autoclaved_aerated_concrete,0.16,550.0,1000.0,0.523,0.393,6.28,8.32,2.59,329.7,0.018,0.29,-21.5,16.3,1032.0,11.9,723.1,1.59
eps_insulated_concrete,0.038,1250.0,1100.0,0.239,0.373,5.06,5.18,3.49,83.5,0.018,0.07,20.8,72.7,1053.8,23.6,673.9,23.66
timber_frame,0.13,500.0,1600.0,0.335,0.215,4.51,3.12,4.42,216.9,0.015,0.32,-6.2,72.7,634.0,19.7,832.4,19.97
burnt_clay_brick,0.77,1900.0,840.0,0.462,0.129,11.39,4.72,2.42,307.9,0.153,0.23,-23.5,50.4,156.9,4.2,620.3,-0.07
autoclaved_aerated_concrete,0.16,550.0,1000.0,0.523,0.157,8.48,5.57,4.04,166.5,0.091,0.3,24.9,23.0,706.0,2.0,1012.8,31.22
autoclaved_aerated_concrete,0.16,550.0,1000.0,0.1,0.227,10.19,7.74,3.23,194.9,0.081,0.23,42.3,85.5,453.9,15.5,901.7,35.97
polyurethane_sandwich,0.022,40.0,1400.0,0.303,0.16,11.43,4.17,4.2,45.4,0.007,0.08,44.6,77.4,215.5,22.7,760.7,33.39
burnt_clay_brick,0.77,1900.0,840.0,0.287,0.181,4.79,3.11,3.31,229.8,0.029,0.35,30.3,69.9,749.1,8.2,702.7,27.84
stabilized_earth_block,0.85,1800.0,880.0,0.55,0.369,5.28,5.79,3.9,133.8,0.041,0.1,42.2,29.6,245.5,16.4,642.5,35.24
burnt_clay_brick,0.77,1900.0,840.0,0.127,0.229,6.48,7.57,3.31,215.4,0.071,0.23,8.4,84.7,968.6,12.5,748.0,15.16
autoclaved_aerated_concrete,0.16,550.0,1000.0,0.255,0.242,3.1,3.71,3.96,202.2,0.012,0.23,19.1,39.7,548.4,9.0,857.4,24.18
burnt_clay_brick,0.77,1900.0,840.0,0.411,0.171,3.46,6.62,2.66,157.8,0.098,0.32,-22.5,72.3,828.7,14.6,628.3,9.14
autoclaved_aerated_concrete,0.16,550.0,1000.0,0.566,0.201,8.95,6.08,3.92,96.2,0.028,0.37,-18.5,40.7,494.4,2.0,727.2,3.33
autoclaved_aerated_concrete,0.16,550.0,1000.0,0.197,0.262,6.76,8.78,2.72,196.9,0.051,0.37,-25.0,15.3,958.8,7.4,802.7,6.43
stabilized_earth_block,0.85,1800.0,880.0,0.21,0.373,4.49,7.71,2.64,241.0,0.162,0.17,26.0,39.8,568.9,24.0,842.4,29.58
timber_frame,0.13,500.0,1600.0,0.545,0.341,5.98,7.65,3.51,240.4,0.167,0.26,22.8,74.5,878.3,6.9,942.3,28.08
eps_insulated_concrete,0.038,1250.0,1100.0,0.342,0.185,7.58,6.49,3.92,145.7,0.19,0.16,35.4,18.5,248.0,6.4,929.1,22.82
autoclaved_aerated_concrete,0.16,550.0,1000.0,0.332,0.129,3.89,6.8,3.16,267.3,0.084,0.17,-19.3,23.0,581.2,23.3,627.9,3.29
burnt_clay_brick,0.77,1900.0,840.0,0.563,0.098,6.65,6.03,3.27,352.2,0.067,0.18,-3.4,48.9,1097.8,23.3,766.5,19.7
autoclaved_aerated_concrete,0.16,550.0,1000.0,0.303,0.352,5.58,7.27,2.75,57.3,0.065,0.18,-19.2,16.6,896.2,1.2,827.0,2.48
eps_insulated_concrete,0.038,1250.0,1100.0,0.548,0.379,10.14,7.88,2.72,18.5,0.094,0.06,-4.6,77.5,778.7,23.0,894.0,22.76
polyurethane_sandwich,0.022,40.0,1400.0,0.386,0.093,11.04,5.31,2.48,209.8,0.198,0.27,32.5,25.4,269.9,10.4,1017.3,20.02
stabilized_earth_block,0.85,1800.0,880.0,0.234,0.173,10.53,3.5,3.69,49.9,0.092,0.35,-14.0,72.1,614.9,12.9,694.0,6.93
burnt_clay_brick,0.77,1900.0,840.0,0.116,0.353,8.99,7.86,4.1,129.2,0.102,0.15,24.4,42.1,907.0,6.6,1013.5,29.69
burnt_clay_brick,0.77,1900.0,840.0,0.433,0.147,7.15,7.92,2.48,21.1,0.175,0.1,44.9,20.1,822.8,7.8,739.7,33.22
burnt_clay_brick,0.77,1900.0,840.0,0.39,0.31,6.92,3.86,3.75,339.3,0.11,0.26,40.6,26.8,573.2,1.8,665.7,30.49
autoclaved_aerated_concrete,0.16,550.0,1000.0,0.273,0.096,10.57,8.63,3.22,292.5,0.093,0.39,29.9,79.0,549.6,20.6,913.0,20.6
polyurethane_sandwich,0.022,40.0,1400.0,0.311,0.181,11.24,6.97,3.87,2.7,0.157,0.38,4.1,49.0,1088.4,4.6,971.4,31.45
autoclaved_aerated_concrete,0.16,550.0,1000.0,0.356,0.239,5.5,4.42,2.78,13.8,0.002,0.18,-1.0,59.2,437.2,3.5,924.1,17.6
timber_frame,0.13,500.0,1600.0,0.201,0.127,9.12,9.0,3.96,98.4,0.078,0.24,16.3,84.1,296.7,19.5,907.1,18.65
stabilized_earth_block,0.85,1800.0,880.0,0.327,0.31,7.92,6.77,3.99,16.0,0.067,0.19,18.9,73.3,574.5,22.1,990.2,21.58
timber_frame,0.13,500.0,1600.0,0.386,0.375,10.51,4.56,2.96,320.9,0.17,0.34,21.8,56.4,494.8,1.1,696.3,24.62
autoclaved_aerated_concrete,0.16,550.0,1000.0,0.576,0.224,6.57,6.01,4.41,288.9,0.055,0.34,13.3,43.3,601.8,23.9,933.7,15.59
polyurethane_sandwich,0.022,40.0,1400.0,0.494,0.326,8.97,6.48,3.62,192.3,0.11,0.32,34.9,84.1,489.0,18.4,674.4,26.03
polyurethane_sandwich,0.022,40.0,1400.0,0.2,0.299,3.72,7.53,4.39,7.4,0.026,0.31,-6.9,62.6,771.8,11.0,980.5,16.92
autoclaved_aerated_concrete,0.16,550.0,1000.0,0.465,0.196,9.89,5.02,4.5,249.0,0.128,0.08,-14.1,19.7,1037.1,23.9,627.7,12.66
burnt_clay_brick,0.77,1900.0,840.0,0.583,0.116,7.06,3.85,4.01,280.6,0.093,0.09,21.8,32.3,183.3,19.9,748.4,24.25
eps_insulated_concrete,0.038,1250.0,1100.0,0.503,0.254,5.25,3.13,4.32,289.6,0.159,0.08,-20.6,21.7,260.3,20.6,824.6,5.36
eps_insulated_concrete,0.038,1250.0,1100.0,0.596,0.322,6.16,5.38,3.22,272.4,0.021,0.23,31.8,27.0,290.1,16.3,924.9,21.32
polyurethane_sandwich,0.022,40.0,1400.0,0.449,0.392,9.7,8.84,4.36,281.1,0.111,0.21,-2.4,39.5,1000.0,1.9,679.0,23.63
timber_frame,0.13,500.0,1600.0,0.278,0.396,11.41,7.54,3.27,301.5,0.194,0.35,-19.0,77.4,694.6,14.5,648.9,4.71
autoclaved_aerated_concrete,0.16,550.0,1000.0,0.337,0.257,7.96,8.33,2.65,291.9,0.157,0.27,-7.8,53.0,525.6,1.9,644.8,15.49
burnt_clay_brick,0.77,1900.0,840.0,0.432,0.399,9.26,8.71,4.5,101.0,0.17,0.39,43.3,39.1,598.3,18.7,770.9,32.15
stabilized_earth_block,0.85,1800.0,880.0,0.591,0.185,9.41,9.09,4.36,217.0,0.17,0.18,-18.3,31.1,433.8,22.3,676.7,10.35
autoclaved_aerated_concrete,0.16,550.0,1000.0,0.391,0.105,3.44,5.18,4.0,271.7,0.183,0.08,24.9,84.8,970.3,14.1,980.7,27.73
polyurethane_sandwich,0.022,40.0,1400.0,0.249,0.367,9.77,3.29,4.33,151.3,0.132,0.14,-21.4,15.5,1049.0,15.1,644.9,14.06
eps_insulated_concrete,0.038,1250.0,1100.0,0.121,0.339,6.65,3.75,2.73,338.3,0.179,0.14,-1.6,24.8,1018.2,17.8,643.6,23.38
stabilized_earth_block,0.85,1800.0,880.0,0.335,0.313,4.14,8.17,4.13,245.7,0.048,0.19,22.7,80.0,676.7,18.5,953.6,26.16
eps_insulated_concrete,0.038,1250.0,1100.0,0.374,0.099,4.9,7.67,2.8,190.0,0.069,0.19,16.4,82.9,387.7,7.0,959.6,20.84
stabilized_earth_block,0.85,1800.0,880.0,0.453,0.162,8.45,3.01,2.64,212.7,0.149,0.29,15.4,75.2,680.2,24.2,704.5,20.94
polyurethane_sandwich,0.022,40.0,1400.0,0.12,0.399,9.7,8.12,3.84,47.9,0.044,0.39,15.2,62.1,817.2,20.9,605.8,17.55
stabilized_earth_block,0.85,1800.0,880.0,0.271,0.223,4.32,7.54,2.66,132.8,0.195,0.18,11.3,32.0,763.1,21.6,661.3,16.72
eps_insulated_concrete,0.038,1250.0,1100.0,0.277,0.358,10.72,7.64,3.43,341.7,0.087,0.14,5.3,22.7,881.4,21.0,914.3,8.8
timber_frame,0.13,500.0,1600.0,0.245,0.212,10.93,3.98,2.99,153.4,0.003,0.32,12.1,56.9,447.8,16.5,788.7,16.17
polyurethane_sandwich,0.022,40.0,1400.0,0.532,0.349,11.67,4.89,3.41,157.7,0.027,0.32,20.2,40.8,1086.5,14.2,869.6,28.19
autoclaved_aerated_concrete,0.16,550.0,1000.0,0.155,0.311,7.7,7.83,2.97,237.0,0.16,0.31,-23.6,55.4,984.8,6.8,718.8,4.92
autoclaved_aerated_concrete,0.16,550.0,1000.0,0.479,0.294,8.0,7.3,4.08,190.8,0.037,0.22,12.0,21.9,119.6,19.4,923.3,14.76
eps_insulated_concrete,0.038,1250.0,1100.0,0.384,0.08,4.74,3.76,3.04,275.1,0.05,0.33,16.0,60.3,769.8,24.1,837.4,18.68
burnt_clay_brick,0.77,1900.0,840.0,0.148,0.231,4.77,4.71,2.5,121.0,0.094,0.13,-1.7,28.2,1057.5,1.4,632.0,23.57
timber_frame,0.13,500.0,1600.0,0.548,0.154,10.8,4.43,3.27,358.5,0.015,0.29,43.3,45.3,235.7,18.7,691.8,33.57
stabilized_earth_block,0.85,1800.0,880.0,0.118,0.084,8.29,3.84,2.99,211.9,0.09,0.12,-1.1,28.9,218.8,20.3,932.3,19.87
timber_frame,0.13,500.0,1600.0,0.473,0.38,5.17,6.33,2.98,60.1,0.151,0.31,39.8,49.2,1092.3,20.1,972.7,29.09
stabilized_earth_block,0.85,1800.0,880.0,0.144,0.267,11.32,4.94,3.3,125.6,0.071,0.21,23.7,12.2,197.5,16.1,609.0,26.19
burnt_clay_brick,0.77,1900.0,840.0,0.196,0.343,5.11,3.32,2.78,297.8,0.04,0.15,-20.7,46.0,718.6,1.8,904.8,-3.6
polyurethane_sandwich,0.022,40.0,1400.0,0.202,0.281,10.92,5.1,3.84,55.4,0.013,0.37,8.2,10.6,474.5,13.8,887.5,9.62
eps_insulated_concrete,0.038,1250.0,1100.0,0.154,0.325,4.91,4.08,2.63,82.5,0.163,0.14,11.4,54.4,777.1,23.8,991.5,14.69
timber_frame,0.13,500.0,1600.0,0.592,0.364,4.42,9.98,3.52,204.2,0.191,0.2,17.8,73.6,379.2,7.2,689.9,21.01
polyurethane_sandwich,0.022,40.0,1400.0,0.499,0.347,4.77,5.07,4.02,167.4,0.018,0.25,30.8,20.1,153.8,18.7,824.1,20.23
stabilized_earth_block,0.85,1800.0,880.0,0.38,0.206,8.85,7.99,4.12,19.0,0.036,0.36,30.9,29.2,150.8,21.6,828.3,22.8
stabilized_earth_block,0.85,1800.0,880.0,0.221,0.257,6.05,6.76,2.95,119.5,0.027,0.11,4.9,78.0,305.3,20.3,692.6,19.63
polyurethane_sandwich,0.022,40.0,1400.0,0.145,0.127,6.98,5.95,3.73,28.9,0.152,0.21,22.7,89.4,437.7,1.8,604.8,25.65
stabilized_earth_block,0.85,1800.0,880.0,0.488,0.301,10.77,8.06,2.58,59.4,0.148,0.27,-19.3,65.0,580.8,20.3,784.4,4.52
timber_frame,0.13,500.0,1600.0,0.424,0.098,8.68,9.78,2.45,53.9,0.071,0.18,-16.9,83.1,745.6,19.1,709.5,6.68
stabilized_earth_block,0.85,1800.0,880.0,0.373,0.127,9.01,6.78,3.0,188.0,0.154,0.1,32.7,33.1,721.7,2.0,759.4,26.38
stabilized_earth_block,0.85,1800.0,880.0,0.354,0.23,3.4,3.34,3.79,318.9,0.076,0.27,-18.8,67.9,375.1,4.6,758.6,1.44
stabilized_earth_block,0.85,1800.0,880.0,0.218,0.128,5.42,4.59,3.08,238.1,0.073,0.34,30.0,40.0,141.9,18.1,862.5,21.09
stabilized_earth_block,0.85,1800.0,880.0,0.303,0.157,8.42,7.3,3.37,127.8,0.2,0.32,29.5,86.2,956.2,13.6,652.8,21.09
stabilized_earth_block,0.85,1800.0,880.0,0.234,0.095,4.1,5.74,4.15,44.7,0.111,0.24,-24.7,60.0,358.7,21.6,674.5,-3.51
eps_insulated_concrete,0.038,1250.0,1100.0,0.349,0.378,7.64,5.65,4.0,190.2,0.013,0.14,-14.2,15.2,796.6,15.9,724.0,19.35
autoclaved_aerated_concrete,0.16,550.0,1000.0,0.361,0.286,9.0,5.15,3.02,7.5,0.176,0.31,-15.9,67.8,945.0,11.3,643.7,8.21
burnt_clay_brick,0.77,1900.0,840.0,0.141,0.36,10.4,5.04,4.46,140.4,0.071,0.31,28.0,79.3,142.3,10.7,696.2,30.46
polyurethane_sandwich,0.022,40.0,1400.0,0.285,0.254,4.68,4.34,4.22,262.5,0.134,0.21,-3.5,73.4,963.1,13.3,1003.2,23.05
timber_frame,0.13,500.0,1600.0,0.353,0.374,9.95,8.12,3.17,200.2,0.1,0.11,43.8,36.5,1072.5,12.2,949.3,40.93
stabilized_earth_block,0.85,1800.0,880.0,0.437,0.189,5.61,7.47,4.49,104.9,0.041,0.13,42.9,75.9,294.3,13.6,846.6,35.05
polyurethane_sandwich,0.022,40.0,1400.0,0.161,0.313,10.26,8.64,2.59,256.1,0.091,0.21,36.5,19.9,148.3,24.4,701.3,24.4
stabilized_earth_block,0.85,1800.0,880.0,0.415,0.143,4.95,5.83,3.08,81.3,0.176,0.35,25.6,86.5,1018.1,15.7,812.1,28.67
burnt_clay_brick,0.77,1900.0,840.0,0.596,0.11,11.65,9.01,4.04,259.3,0.105,0.05,38.8,26.7,126.6,20.5,846.2,28.71
burnt_clay_brick,0.77,1900.0,840.0,0.489,0.116,4.15,7.18,4.34,88.0,0.075,0.22,24.2,31.1,383.6,24.5,650.3,26.78
polyurethane_sandwich,0.022,40.0,1400.0,0.554,0.373,10.94,7.76,3.22,219.5,0.069,0.36,-19.7,58.3,908.5,21.9,868.5,14.44
timber_frame,0.13,500.0,1600.0,0.243,0.253,5.03,5.78,3.4,301.7,0.117,0.31,3.5,23.6,823.0,23.6,854.8,27.19
timber_frame,0.13,500.0,1600.0,0.174,0.157,5.48,5.36,2.56,91.9,0.007,0.31,26.2,20.4,636.1,23.6,618.0,29.03
burnt_clay_brick,0.77,1900.0,840.0,0.415,0.329,6.04,6.45,3.23,156.7,0.158,0.07,23.6,19.3,228.8,19.7,607.5,26.58
stabilized_earth_block,0.85,1800.0,880.0,0.572,0.36,3.5,9.19,3.16,143.2,0.121,0.34,28.4,40.9,784.9,2.7,994.9,22.67
autoclaved_aerated_concrete,0.16,550.0,1000.0,0.15,0.136,4.97,9.28,3.15,294.3,0.102,0.11,15.0,48.8,947.4,11.2,835.8,17.97
autoclaved_aerated_concrete,0.16,550.0,1000.0,0.411,0.395,10.48,5.03,4.42,41.7,0.061,0.24,30.6,88.8,880.2,9.2,699.7,21.45
polyurethane_sandwich,0.022,40.0,1400.0,0.556,0.316,7.76,5.85,2.85,232.2,0.123,0.09,-17.8,39.6,791.1,1.4,945.3,12.67
timber_frame,0.13,500.0,1600.0,0.284,0.261,9.37,8.62,3.0,65.4,0.003,0.4,44.4,56.6,265.6,19.1,896.6,36.41
timber_frame,0.13,500.0,1600.0,0.571,0.215,8.62,8.66,4.23,236.4,0.166,0.27,28.2,69.7,775.9,19.3,958.8,19.07
stabilized_earth_block,0.85,1800.0,880.0,0.545,0.175,7.82,5.56,3.21,342.7,0.05,0.17,-17.8,11.7,600.4,8.4,859.9,2.5
autoclaved_aerated_concrete,0.16,550.0,1000.0,0.577,0.365,3.98,8.87,4.09,80.3,0.156,0.32,5.1,55.1,1060.6,2.3,861.3,8.36
stabilized_earth_block,0.85,1800.0,880.0,0.595,0.231,6.58,3.82,4.0,350.0,0.006,0.2,27.4,34.8,1043.0,18.4,818.4,29.75
autoclaved_aerated_concrete,0.16,550.0,1000.0,0.263,0.292,11.17,7.55,4.29,187.3,0.131,0.25,-23.8,75.5,384.7,1.1,744.8,2.69
eps_insulated_concrete,0.038,1250.0,1100.0,0.544,0.118,4.28,7.87,3.68,122.9,0.11,0.35,-14.7,57.2,458.7,17.2,782.3,14.6
burnt_clay_brick,0.77,1900.0,840.0,0.147,0.256,8.16,5.41,3.72,332.4,0.043,0.25,31.6,17.9,930.6,22.2,921.9,25.74
timber_frame,0.13,500.0,1600.0,0.257,0.188,11.31,3.84,4.17,279.8,0.08,0.1,16.1,71.9,949.8,7.5,977.6,17.94
stabilized_earth_block,0.85,1800.0,880.0,0.516,0.133,9.77,3.01,3.8,185.0,0.12,0.37,2.3,89.9,216.8,24.5,762.6,28.07
autoclaved_aerated_concrete,0.16,550.0,1000.0,0.138,0.294,10.33,5.34,4.44,307.6,0.01,0.07,11.9,59.0,379.2,8.0,854.7,14.24
polyurethane_sandwich,0.022,40.0,1400.0,0.261,0.225,9.96,9.04,3.5,313.9,0.19,0.27,18.9,14.0,468.4,16.3,713.5,21.87
eps_insulated_concrete,0.038,1250.0,1100.0,0.32,0.272,6.52,3.41,4.38,318.8,0.145,0.32,3.8,20.4,237.2,1.5,935.4,28.21
polyurethane_sandwich,0.022,40.0,1400.0,0.536,0.312,10.43,9.46,4.34,353.5,0.113,0.38,-20.3,72.2,122.7,23.5,883.3,4.35
burnt_clay_brick,0.77,1900.0,840.0,0.134,0.142,4.82,4.62,4.37,343.5,0.063,0.3,-13.0,37.6,1061.0,3.6,828.8,6.07
stabilized_earth_block,0.85,1800.0,880.0,0.332,0.146,11.96,9.35,3.82,28.3,0.033,0.18,-9.7,43.8,925.2,24.5,733.5,7.78
eps_insulated_concrete,0.038,1250.0,1100.0,0.348,0.263,6.1,3.85,2.86,26.8,0.134,0.15,-6.5,13.9,1061.2,21.7,735.7,21.34
autoclaved_aerated_concrete,0.16,550.0,1000.0,0.532,0.174,3.39,8.72,3.31,102.5,0.011,0.21,22.7,76.6,498.4,13.8,989.6,25.22
eps_insulated_concrete,0.038,1250.0,1100.0,0.47,0.24,7.62,9.41,2.56,300.2,0.128,0.36,37.6,57.1,927.3,3.5,681.2,26.22
timber_frame,0.13,500.0,1600.0,0.565,0.214,8.15,5.38,4.14,282.4,0.137,0.2,28.1,79.3,331.6,20.7,702.1,16.25
stabilized_earth_block,0.85,1800.0,880.0,0.524,0.137,9.13,5.23,2.46,82.4,0.15,0.39,-23.4,72.8,688.6,18.3,780.0,1.45
polyurethane_sandwich,0.022,40.0,1400.0,0.564,0.118,7.3,3.43,4.21,178.7,0.18,0.23,31.5,78.8,115.5,19.3,758.0,18.27
autoclaved_aerated_concrete,0.16,550.0,1000.0,0.142,0.349,4.62,7.4,3.09,57.3,0.198,0.29,21.2,11.2,435.1,24.7,993.6,23.84
polyurethane_sandwich,0.022,40.0,1400.0,0.232,0.262,9.59,6.66,4.02,62.7,0.196,0.1,14.8,87.5,855.0,23.9,834.2,18.66
timber_frame,0.13,500.0,1600.0,0.486,0.166,6.87,7.26,3.01,196.8,0.003,0.11,37.5,13.0,430.9,1.8,854.2,31.34
polyurethane_sandwich,0.022,40.0,1400.0,0.215,0.349,6.9,8.03,3.91,90.3,0.194,0.28,-4.1,58.4,946.1,15.6,832.5,21.8
stabilized_earth_block,0.85,1800.0,880.0,0.424,0.171,7.07,6.82,3.36,291.7,0.183,0.29,5.9,38.6,279.0,22.5,768.7,8.64
eps_insulated_concrete,0.038,1250.0,1100.0,0.339,0.253,11.75,4.31,4.36,162.7,0.076,0.08,18.0,67.6,763.7,12.1,856.4,24.23
eps_insulated_concrete,0.038,1250.0,1100.0,0.292,0.128,8.61,9.41,3.46,258.7,0.031,0.34,-2.6,56.1,593.9,19.0,932.0,22.72
timber_frame,0.13,500.0,1600.0,0.259,0.248,6.59,4.3,3.71,85.5,0.01,0.14,-22.9,81.6,460.4,24.9,760.0,-4.16
timber_frame,0.13,500.0,1600.0,0.266,0.226,3.34,7.71,2.75,323.9,0.035,0.31,34.7,31.5,282.6,13.6,793.5,25.11
eps_insulated_concrete,0.038,1250.0,1100.0,0.198,0.193,10.34,5.06,3.74,228.2,0.027,0.24,15.3,31.5,491.4,21.8,963.8,19.79
autoclaved_aerated_concrete,0.16,550.0,1000.0,0.373,0.368,8.15,3.72,3.25,93.9,0.137,0.37,-11.9,70.9,822.4,23.4,674.7,11.64
burnt_clay_brick,0.77,1900.0,840.0,0.295,0.39,4.55,9.62,2.87,250.1,0.069,0.26,23.1,18.2,960.5,23.5,644.6,27.07
polyurethane_sandwich,0.022,40.0,1400.0,0.296,0.197,11.56,6.43,2.95,139.1,0.17,0.16,17.7,70.5,873.0,7.9,709.9,22.96
stabilized_earth_block,0.85,1800.0,880.0,0.197,0.281,4.08,7.73,3.48,207.7,0.185,0.09,8.7,48.7,146.9,13.5,896.0,11.35
timber_frame,0.13,500.0,1600.0,0.218,0.334,3.77,5.55,3.23,31.8,0.059,0.09,32.9,26.2,316.6,5.2,860.1,23.35
autoclaved_aerated_concrete,0.16,550.0,1000.0,0.509,0.232,10.61,6.67,2.9,153.5,0.17,0.07,42.2,31.3,946.6,17.7,870.2,36.1
stabilized_earth_block,0.85,1800.0,880.0,0.242,0.326,3.78,8.43,2.77,137.9,0.106,0.4,23.7,51.9,661.5,15.5,950.7,28.81
eps_insulated_concrete,0.038,1250.0,1100.0,0.103,0.196,5.12,6.6,3.57,276.1,0.08,0.36,40.5,54.6,1012.9,19.6,774.8,31.82
burnt_clay_brick,0.77,1900.0,840.0,0.532,0.267,6.74,8.28,3.53,100.6,0.173,0.1,24.4,50.8,1083.2,22.4,717.4,27.72
polyurethane_sandwich,0.022,40.0,1400.0,0.27,0.268,11.68,8.58,3.07,256.6,0.123,0.11,-16.0,86.6,1010.5,24.2,941.2,10.16
eps_insulated_concrete,0.038,1250.0,1100.0,0.593,0.088,11.39,3.04,2.48,56.1,0.061,0.27,16.0,80.3,172.7,6.7,869.9,18.58
stabilized_earth_block,0.85,1800.0,880.0,0.5,0.358,3.62,3.04,3.11,12.2,0.041,0.27,13.9,24.6,200.4,8.3,957.5,16.6
timber_frame,0.13,500.0,1600.0,0.408,0.203,8.58,8.02,2.7,346.7,0.138,0.38,4.6,81.9,888.8,18.3,722.9,29.06
eps_insulated_concrete,0.038,1250.0,1100.0,0.175,0.082,6.3,6.61,3.95,60.4,0.074,0.12,42.1,52.1,905.4,5.1,828.2,32.29
stabilized_earth_block,0.85,1800.0,880.0,0.469,0.141,3.57,4.4,2.7,302.8,0.001,0.16,-18.5,40.2,108.1,3.2,702.8,-6.41
burnt_clay_brick,0.77,1900.0,840.0,0.345,0.145,7.97,5.42,3.52,276.1,0.081,0.3,21.6,24.2,280.7,9.4,795.0,23.8
burnt_clay_brick,0.77,1900.0,840.0,0.473,0.196,8.65,6.39,3.2,310.6,0.188,0.16,18.3,50.9,875.5,17.1,790.5,21.8
polyurethane_sandwich,0.022,40.0,1400.0,0.377,0.313,6.53,6.85,2.78,158.2,0.024,0.21,-20.6,65.0,298.3,19.9,905.9,6.51
timber_frame,0.13,500.0,1600.0,0.428,0.389,11.61,9.48,3.08,62.1,0.115,0.25,18.0,69.3,981.6,23.9,907.8,21.15
burnt_clay_brick,0.77,1900.0,840.0,0.429,0.267,8.76,4.65,3.56,85.1,0.033,0.28,24.2,29.6,677.6,22.5,685.3,26.9
timber_frame,0.13,500.0,1600.0,0.57,0.165,4.1,8.07,3.37,267.7,0.099,0.11,2.5,29.8,119.6,9.0,963.5,25.67
timber_frame,0.13,500.0,1600.0,0.505,0.328,8.5,8.08,2.78,160.9,0.165,0.35,5.7,24.9,274.3,2.7,623.3,8.78
autoclaved_aerated_concrete,0.16,550.0,1000.0,0.433,0.271,9.84,9.37,3.91,77.1,0.142,0.34,-15.3,86.1,1045.8,13.5,654.9,9.07
stabilized_earth_block,0.85,1800.0,880.0,0.506,0.321,3.89,8.55,3.23,284.6,0.173,0.24,-12.9,80.7,365.3,14.3,854.8,11.76
polyurethane_sandwich,0.022,40.0,1400.0,0.542,0.246,7.55,6.98,3.13,75.8,0.148,0.3,1.1,51.1,284.7,16.3,765.6,25.64
stabilized_earth_block,0.85,1800.0,880.0,0.499,0.375,10.11,8.7,2.48,6.2,0.196,0.13,2.1,16.6,672.7,20.1,734.7,26.8
eps_insulated_concrete,0.038,1250.0,1100.0,0.133,0.347,4.47,4.47,3.93,323.5,0.174,0.06,-14.6,56.2,879.2,18.5,846.5,9.2
burnt_clay_brick,0.77,1900.0,840.0,0.432,0.11,4.79,4.94,4.22,184.1,0.011,0.34,38.8,56.1,1092.2,3.0,888.4,42.56
eps_insulated_concrete,0.038,1250.0,1100.0,0.146,0.39,4.31,3.34,2.72,54.6,0.041,0.09,23.1,66.0,560.3,12.2,877.3,25.16
stabilized_earth_block,0.85,1800.0,880.0,0.158,0.327,9.06,3.81,3.2,37.6,0.183,0.06,18.2,12.6,236.0,9.2,911.9,21.1
timber_frame,0.13,500.0,1600.0,0.48,0.378,4.78,7.36,3.93,13.3,0.114,0.2,-1.4,52.9,760.3,11.9,968.3,23.54
burnt_clay_brick,0.77,1900.0,840.0,0.488,0.113,9.88,4.97,2.61,102.4,0.158,0.29,18.8,21.2,437.2,1.2,879.3,21.06
autoclaved_aerated_concrete,0.16,550.0,1000.0,0.175,0.172,4.16,8.88,3.64,252.2,0.073,0.39,25.5,77.2,166.0,18.8,875.2,28.7
autoclaved_aerated_concrete,0.16,550.0,1000.0,0.458,0.262,6.11,8.45,3.63,296.5,0.155,0.13,6.8,21.4,290.8,23.4,830.9,9.5
timber_frame,0.13,500.0,1600.0,0.283,0.178,11.32,4.48,2.46,338.9,0.178,0.32,-23.2,89.2,1030.2,11.1,752.0,1.73
autoclaved_aerated_concrete,0.16,550.0,1000.0,0.34,0.258,5.5,4.16,3.7,159.5,0.144,0.08,4.8,57.3,512.3,4.1,961.2,31.39
timber_frame,0.13,500.0,1600.0,0.425,0.368,6.08,4.83,4.21,298.0,0.137,0.27,-9.5,66.8,385.5,7.0,652.4,14.96
timber_frame,0.13,500.0,1600.0,0.282,0.37,11.61,6.95,4.01,162.5,0.085,0.33,18.6,39.7,690.1,19.7,746.2,23.88
burnt_clay_brick,0.77,1900.0,840.0,0.313,0.135,5.21,6.36,2.62,301.2,0.05,0.2,-17.3,54.4,869.2,20.1,816.0,1.36
stabilized_earth_block,0.85,1800.0,880.0,0.204,0.338,9.63,5.89,2.88,161.8,0.055,0.38,9.2,43.9,142.6,1.3,640.9,12.42
polyurethane_sandwich,0.022,40.0,1400.0,0.435,0.223,4.33,3.21,3.91,350.7,0.141,0.21,-11.3,13.4,553.0,6.9,794.0,15.02
autoclaved_aerated_concrete,0.16,550.0,1000.0,0.266,0.39,10.32,5.01,4.44,343.4,0.098,0.12,3.0,19.1,296.6,1.4,782.7,24.57
burnt_clay_brick,0.77,1900.0,840.0,0.366,0.249,6.2,5.98,3.3,91.4,0.006,0.09,-24.6,25.9,771.1,21.9,684.2,-10.86
eps_insulated_concrete,0.038,1250.0,1100.0,0.178,0.339,11.45,9.45,4.16,320.3,0.087,0.1,-0.3,15.1,340.5,4.3,958.6,23.0
stabilized_earth_block,0.85,1800.0,880.0,0.116,0.394,6.63,5.98,3.05,118.9,0.118,0.31,30.7,14.0,688.5,17.0,652.2,22.93
burnt_clay_brick,0.77,1900.0,840.0,0.119,0.32,5.36,4.65,4.01,198.7,0.164,0.25,24.0,66.6,796.4,14.8,732.3,30.55
polyurethane_sandwich,0.022,40.0,1400.0,0.599,0.101,10.06,3.3,3.68,180.7,0.162,0.15,33.1,75.7,1029.3,10.5,854.6,28.0
eps_insulated_concrete,0.038,1250.0,1100.0,0.419,0.287,4.79,7.13,3.84,292.9,0.076,0.24,-4.5,42.9,482.0,3.4,690.8,21.5
burnt_clay_brick,0.77,1900.0,840.0,0.576,0.235,8.14,4.74,4.14,274.4,0.087,0.12,23.2,51.2,691.0,7.9,838.8,25.91
stabilized_earth_block,0.85,1800.0,880.0,0.598,0.223,3.13,7.98,4.31,59.5,0.086,0.4,21.2,12.1,567.3,13.4,944.3,23.58
timber_frame,0.13,500.0,1600.0,0.522,0.114,6.7,8.89,3.79,237.3,0.126,0.28,-6.8,78.0,1001.9,14.1,1008.8,23.39
stabilized_earth_block,0.85,1800.0,880.0,0.218,0.299,9.76,7.0,3.65,318.6,0.156,0.21,-14.7,19.0,1076.0,24.1,907.0,8.55
timber_frame,0.13,500.0,1600.0,0.352,0.268,5.61,7.63,2.46,295.3,0.014,0.24,2.9,30.8,635.1,4.9,650.5,23.65
burnt_clay_brick,0.77,1900.0,840.0,0.361,0.316,5.1,9.88,4.44,134.6,0.187,0.24,-20.7,12.1,640.1,11.1,734.5,7.47
polyurethane_sandwich,0.022,40.0,1400.0,0.147,0.35,10.58,5.66,2.58,214.4,0.018,0.28,-19.1,22.6,991.0,17.2,848.0,13.15
autoclaved_aerated_concrete,0.16,550.0,1000.0,0.4,0.216,11.13,4.05,3.93,141.2,0.189,0.28,34.4,63.2,150.0,2.0,748.9,22.03
polyurethane_sandwich,0.022,40.0,1400.0,0.159,0.37,3.8,7.07,2.64,153.8,0.099,0.24,-7.6,49.0,774.2,20.4,832.3,24.68
autoclaved_aerated_concrete,0.16,550.0,1000.0,0.267,0.201,3.96,9.52,3.62,309.2,0.132,0.27,-12.3,61.2,984.8,23.2,894.8,11.76
burnt_clay_brick,0.77,1900.0,840.0,0.518,0.2,7.92,8.04,4.36,154.6,0.053,0.23,-14.4,45.5,252.9,9.1,762.1,6.98
autoclaved_aerated_concrete,0.16,550.0,1000.0,0.591,0.194,9.84,8.78,3.25,195.3,0.025,0.23,15.2,73.1,322.0,13.8,823.7,18.54
timber_frame,0.13,500.0,1600.0,0.214,0.093,6.92,9.9,3.23,54.5,0.198,0.23,17.1,15.5,122.1,21.0,637.5,19.61
stabilized_earth_block,0.85,1800.0,880.0,0.207,0.346,8.28,8.3,3.92,128.8,0.151,0.26,32.0,89.9,973.1,18.2,645.3,24.96
autoclaved_aerated_concrete,0.16,550.0,1000.0,0.338,0.21,3.0,4.31,2.92,330.6,0.064,0.23,3.0,72.4,800.3,22.8,751.3,24.92
burnt_clay_brick,0.77,1900.0,840.0,0.475,0.239,5.36,7.31,3.3,234.1,0.175,0.29,-5.8,73.0,516.4,21.3,797.4,21.54
polyurethane_sandwich,0.022,40.0,1400.0,0.342,0.372,9.73,8.41,2.67,93.1,0.108,0.31,19.1,53.7,1056.4,18.5,963.8,21.93
eps_insulated_concrete,0.038,1250.0,1100.0,0.517,0.127,5.44,6.1,3.27,305.2,0.021,0.13,-2.1,24.8,494.5,10.0,711.3,24.41
eps_insulated_concrete,0.038,1250.0,1100.0,0.408,0.252,10.24,4.74,4.45,142.5,0.124,0.2,40.1,40.5,412.4,22.4,637.9,29.36
burnt_clay_brick,0.77,1900.0,840.0,0.394,0.393,10.23,3.35,2.66,48.5,0.12,0.11,34.1,72.5,1094.7,6.9,990.1,24.27
polyurethane_sandwich,0.022,40.0,1400.0,0.122,0.116,7.27,5.96,3.93,81.7,0.119,0.31,13.9,41.6,521.2,7.0,1009.9,16.63
polyurethane_sandwich,0.022,40.0,1400.0,0.163,0.245,5.34,5.61,2.52,174.8,0.01,0.26,20.6,34.1,235.9,13.7,843.8,23.29
autoclaved_aerated_concrete,0.16,550.0,1000.0,0.123,0.375,11.99,7.78,2.98,325.1,0.172,0.26,5.2,42.8,426.9,11.5,668.0,7.86
burnt_clay_brick,0.77,1900.0,840.0,0.257,0.357,7.41,6.1,3.53,10.5,0.09,0.38,28.8,87.2,292.3,13.2,855.6,18.97
eps_insulated_concrete,0.038,1250.0,1100.0,0.165,0.354,6.33,8.59,4.24,282.0,0.171,0.11,4.3,66.0,154.2,10.5,740.3,27.75
timber_frame,0.13,500.0,1600.0,0.274,0.376,3.08,9.52,3.29,308.0,0.024,0.1,-12.3,71.0,551.9,24.1,800.9,7.56
polyurethane_sandwich,0.022,40.0,1400.0,0.337,0.208,9.87,7.29,3.22,37.3,0.035,0.3,-18.0,39.8,1072.4,13.1,1001.7,8.86
